,Season,Team,W%,RS/G,RA/G,skill,oppW%,schedulerank
0,2004,ANA,0.5679012345679012,5.160493827160494,4.530864197530864,0.5592500149096977,0.5007765158507684,0.5007302840818151
1,2004,ARI,0.3148148148148148,3.7962962962962963,5.549382716049383,0.3329707603822985,0.5131356850805764,0.5113099402489554
2,2004,ATL,0.5925925925925926,4.95679012345679,4.1234567901234565,0.5834231474521365,0.48678479363753974,0.4911493020860908
3,2004,BAL,0.48148148148148145,5.197530864197531,5.1234567901234565,0.5065667208064435,0.5056457743432153,0.49960489570607913
4,2004,BOS,0.6049382716049383,5.8580246913580245,4.7407407407407405,0.5956236224585113,0.4976439453537319,0.49492182961219844
5,2004,CHC,0.5493827160493827,4.87037037037037,4.104938271604938,0.5775910282994942,0.5064061966012222,0.49891072487691335
6,2004,CHW,0.5123456790123457,5.339506172839506,5.12962962962963,0.5183373901289109,0.49308496186291817,0.4984427481338812
7,2004,CIN,0.4691358024691358,4.62962962962963,5.598765432098766,0.41390953586852874,0.5121165819859679,0.5134688031873444
8,2004,CLE,0.49382716049382713,5.296296296296297,5.290123456790123,0.5005335275547658,0.49057010132336626,0.49432529860489177
9,2004,COL,0.41975308641975306,5.1419753086419755,5.697530864197531,0.4531999112149799,0.5036383353166316,0.49991929642360083
10,2004,DET,0.4444444444444444,5.104938271604938,5.209876543209877,0.49069195718022934,0.49592690100831044,0.4968648399665726
11,2004,FLA,0.5123456790123457,4.432098765432099,4.320987654320987,0.511613485419419,0.49412394527799747,0.4961595467924146
12,2004,HOU,0.5679012345679012,4.95679012345679,4.308641975308642,0.563762973364124,0.5007814859308861,0.49779518583549504
13,2004,KCR,0.35802469135802467,4.444444444444445,5.58641975308642,0.396877842095559,0.5101512703051436,0.5109381528949558
14,2004,LAD,0.5740740740740741,4.697530864197531,4.222222222222222,0.5486496116975217,0.4885089380974151,0.49089827389470636
15,2004,MIL,0.4161490683229814,3.9135802469135803,4.672839506172839,0.4195830688297598,0.5141384579119412,0.5092749059180429
16,2004,MIN,0.5679012345679012,4.814814814814815,4.41358024691358,0.539723809127613,0.4719519445320121,0.4826621737172717
17,2004,MON,0.41358024691358025,3.919753086419753,4.746913580246914,0.41328961404866227,0.5032646326258775,0.5064090411888692
18,2004,NYM,0.4382716049382716,4.222222222222222,4.512345679012346,0.4696340060333612,0.5071323016393687,0.5033952716600948
19,2004,NYY,0.6234567901234568,5.537037037037037,4.987654320987654,0.5476607712989611,0.48644138476845544,0.4934430684818486
20,2004,OAK,0.5617283950617284,4.895061728395062,4.580246913580247,0.5303743974736311,0.5013336381649134,0.5027826123466064
21,2004,PHI,0.5308641975308642,5.185185185185185,4.820987654320987,0.5332690062592736,0.49356729630481605,0.4966008494531917
22,2004,PIT,0.4472049689440994,4.197530864197531,4.592592592592593,0.4589413465509245,0.5095065799127345,0.5038286344526046
23,2004,SDP,0.5370370370370371,4.7407407407407405,4.351851851851852,0.5390784449971572,0.4838337494000399,0.48432094255942915
24,2004,SEA,0.3888888888888889,4.308641975308642,5.080246913580247,0.4251984403434899,0.5210478159574594,0.5153242479988964
25,2004,SFG,0.5617283950617284,5.246913580246914,4.753086419753086,0.5450990646450391,0.4868439612579884,0.48858302049478014
26,2004,STL,0.6481481481481481,5.277777777777778,4.067901234567901,0.6169190803963985,0.48886134044480756,0.4886992081502489
27,2004,TBD,0.43478260869565216,4.407407407407407,5.197530864197531,0.4251269007857692,0.5079443180624068,0.5055587504462136
28,2004,TEX,0.5493827160493827,5.308641975308642,4.901234567901234,0.5364660221616483,0.5024005486968446,0.5015000094448406
29,2004,TOR,0.4161490683229814,4.438271604938271,5.080246913580247,0.4385069925364171,0.5100909193322859,0.5032965720278924
0,2005,ARI,0.47530864197530864,4.296296296296297,5.283950617283951,0.4064489448715097,0.48437738149672266,0.4853015941659746
1,2005,ATL,0.5555555555555556,4.746913580246914,4.160493827160494,0.5600353123666509,0.5021719250114307,0.5015446624901915
2,2005,BAL,0.4567901234567901,4.5,4.938271604938271,0.4575830638460848,0.5084209724127418,0.5127943111868689
3,2005,BOS,0.5864197530864198,5.617283950617284,4.969135802469136,0.5558564482609933,0.49881877762536164,0.5045891256714612
4,2005,CHC,0.4876543209876543,4.339506172839506,4.407407407407407,0.4928973005500636,0.5072778539856726,0.5067307433378205
5,2005,CHW,0.6111111111111112,4.574074074074074,3.9814814814814814,0.5631394039372581,0.48643499466544693,0.49681871340762884
6,2005,CIN,0.4506172839506173,5.061728395061729,5.487654320987654,0.46310443711015636,0.5099451303155004,0.5117514285163413
7,2005,CLE,0.5740740740740741,4.8765432098765435,3.962962962962963,0.5937823394038642,0.4862063709800332,0.4878926322813524
8,2005,COL,0.41358024691358025,4.574074074074074,5.320987654320987,0.4312394534933454,0.4897881420515162,0.4813749539339759
9,2005,DET,0.4382716049382716,4.462962962962963,4.8580246913580245,0.4612730179983347,0.5051440329218103,0.504139649251822
10,2005,FLA,0.5123456790123457,4.425925925925926,4.518518518518518,0.49052874500206295,0.5024386526444135,0.5048975188850651
11,2005,HOU,0.5493827160493827,4.277777777777778,3.759259259259259,0.558840464295832,0.4927221460143267,0.49716847030178846
12,2005,KCR,0.345679012345679,4.327160493827161,5.771604938271605,0.3711910195447218,0.5161560737692422,0.5188922561189496
13,2005,LAA,0.5864197530864198,4.697530864197531,3.9691358024691357,0.5764786061451173,0.4975232434080167,0.506326670949277
14,2005,LAD,0.4382716049382716,4.228395061728395,4.660493827160494,0.4556029843066069,0.49016918152720584,0.4801646387677234
15,2005,MIL,0.5,4.481481481481482,4.302469135802469,0.5186411622530971,0.4995808565767411,0.5003741540158153
16,2005,MIN,0.5123456790123457,4.246913580246914,4.08641975308642,0.517617105828138,0.49763755525072345,0.5025704256785944
17,2005,NYM,0.5123456790123457,4.45679012345679,4.0,0.549310699732683,0.5113168724279831,0.5059528231531742
18,2005,NYY,0.5864197530864198,5.469135802469136,4.87037037037037,0.552849269321403,0.4974851394604478,0.505702362343248
19,2005,OAK,0.5432098765432098,4.765432098765432,4.061728395061729,0.5725827838074404,0.5064776710867241,0.5103953559277534
20,2005,PHI,0.5432098765432098,4.981481481481482,4.481481481481482,0.5482409173534293,0.5014860539551893,0.5010366082016736
21,2005,PIT,0.41358024691358025,4.197530864197531,4.746913580246914,0.4439647180535767,0.5062490474013104,0.504815001177475
22,2005,SDP,0.5061728395061729,4.222222222222222,4.481481481481482,0.47276360298071657,0.48197683279987774,0.47928847502775196
23,2005,SEA,0.42592592592592593,4.314814814814815,4.635802469135802,0.46721921780820436,0.5162322816643801,0.5199346961060334
24,2005,SFG,0.46296296296296297,4.006172839506172,4.598765432098766,0.4372202556622937,0.48517756439567106,0.48311546694586316
25,2005,STL,0.6172839506172839,4.969135802469136,3.9135802469135803,0.6075419994172395,0.48449169333942965,0.4883443035404906
26,2005,TBD,0.41358024691358025,4.62962962962963,5.777777777777778,0.40001026102900206,0.5175659198292941,0.5213646103521835
27,2005,TEX,0.4876543209876543,5.339506172839506,5.296296296296297,0.5037173054139036,0.5110120408474313,0.5172584498108728
28,2005,TOR,0.49382716049382713,4.783950617283951,4.351851851851852,0.5432013515017651,0.5034674592287758,0.5009473481643038
29,2005,WSN,0.5,3.9444444444444446,4.154320987654321,0.47630057164769984,0.5084209724127415,0.5140036150922396
0,2006,ARI,0.4691358024691358,4.771604938271605,4.864197530864198,0.4912081948801428,0.496973694549289,0.4991020180865778
1,2006,ATL,0.4876543209876543,5.2407407407407405,4.969135802469136,0.5243275115743549,0.49654768768205837,0.4938059093275498
2,2006,BAL,0.43209876543209874,4.7407407407407405,5.549382716049383,0.4284414737523953,0.5143270842859317,0.5108182868146963
3,2006,BOS,0.5308641975308642,5.061728395061729,5.092592592592593,0.4972188651022884,0.5012193263222066,0.5018102064308709
4,2006,CHC,0.4074074074074074,4.419753086419753,5.148148148148148,0.43065667979908107,0.49640402869960887,0.49536288655830163
5,2006,CHW,0.5555555555555556,5.3580246913580245,4.901234567901234,0.5406769284753651,0.5037550138641566,0.5085161347072145
6,2006,CIN,0.49382716049382713,4.6234567901234565,4.944444444444445,0.46933025405872997,0.4794252883356475,0.4855907815946971
7,2006,CLE,0.48148148148148145,5.37037037037037,4.827160493827161,0.5486328583840651,0.5151480941872779,0.507773212510885
8,2006,COL,0.4691358024691358,5.018518518518518,5.012345679012346,0.5005630767561201,0.4993193356943577,0.4995596648544503
9,2006,DET,0.5864197530864198,5.074074074074074,4.166666666666667,0.589176156612734,0.5017736085905702,0.5032343662779774
10,2006,FLA,0.48148148148148145,4.679012345679013,4.765432098765432,0.4916279998223316,0.4951579586129591,0.4958123353558057
11,2006,HOU,0.5061728395061729,4.537037037037037,4.438271604938271,0.5100678212551583,0.48186559767343407,0.4843916679121729
12,2006,KCR,0.38271604938271603,4.672839506172839,5.993827160493828,0.3880295066234652,0.5309439554832287,0.5288872511167256
13,2006,LAA,0.5493827160493827,4.728395061728395,4.518518518518518,0.520759316884271,0.5075223345933665,0.5080480906574025
14,2006,LAD,0.5432098765432098,5.061728395061729,4.635802469135802,0.5401271657406178,0.4914867260993576,0.49470390466459957
15,2006,MIL,0.46296296296296297,4.506172839506172,5.1419753086419755,0.43990686023576,0.48687307172724914,0.4907352283194009
16,2006,MIN,0.5925925925925926,4.944444444444445,4.216049382716049,0.5723975699378867,0.49939033683889616,0.503303409818052
17,2006,NYM,0.5987654320987654,5.148148148148148,4.512345679012346,0.5600168630927626,0.4873085454137518,0.4926064283395545
18,2006,NYY,0.5987654320987654,5.7407407407407405,4.734567901234568,0.5872568850971612,0.49645633287608565,0.4933914453436605
19,2006,OAK,0.5740740740740741,4.7592592592592595,4.487654320987654,0.5268576914106354,0.5076525033583537,0.5095402257748631
20,2006,PHI,0.5246913580246914,5.339506172839506,5.012345679012346,0.5288951120875734,0.49287172175882105,0.4931496782594305
21,2006,PIT,0.41358024691358025,4.265432098765432,4.919753086419753,0.43507656423889307,0.4946668673632347,0.49383100733868707
22,2006,SDP,0.5432098765432098,4.512345679012346,4.191358024691358,0.5337087820089046,0.4890665337525237,0.49478378240871984
23,2006,SEA,0.48148148148148145,4.666666666666667,4.888888888888889,0.4787299373396775,0.5167053859574879,0.5132635027190795
24,2006,SFG,0.4720496894409938,4.604938271604938,4.8765432098765435,0.4738058925447567,0.4954876405940992,0.4982142055499828
25,2006,STL,0.515527950310559,4.820987654320987,4.703703703703703,0.5112656748601665,0.4726931964809936,0.476791892237968
26,2006,TBD,0.3765432098765432,4.253086419753086,5.283950617283951,0.401994086981153,0.5192424935223287,0.5138065842536864
27,2006,TEX,0.49382716049382713,5.154320987654321,4.839506172839506,0.5288009700297817,0.5187629991262122,0.5110450383870778
28,2006,TOR,0.5370370370370371,4.993827160493828,4.654320987654321,0.5321665094225617,0.5038103947568965,0.4992042191310905
29,2006,WSN,0.4382716049382716,4.604938271604938,5.382716049382716,0.4290821840717523,0.5009694022934313,0.5036413396416698
0,2007,ARI,0.5555555555555556,4.395061728395062,4.518518518518518,0.487328773035611,0.4950553699449149,0.5007789155943838
1,2007,ATL,0.5185185185185185,5.0,4.5246913580246915,0.5455721830763142,0.5011379755629796,0.4974337441682114
2,2007,BAL,0.42592592592592593,4.666666666666667,5.3580246913580245,0.4371307239948943,0.515001734547797,0.5175175123789192
3,2007,BOS,0.5925925925925926,5.351851851851852,4.055555555555555,0.6242342075526303,0.49755012656120956,0.50132774089682
4,2007,CHC,0.5246913580246914,4.6419753086419755,4.2592592592592595,0.5392843270980816,0.48398745889215183,0.4799055712469696
5,2007,CHW,0.4444444444444444,4.277777777777778,5.179012345679013,0.41341620275536245,0.5096784026825176,0.5142245591601101
6,2007,CIN,0.4444444444444444,4.833333333333333,5.265432098765432,0.46090567620133266,0.4970816583960056,0.4928217039650324
7,2007,CLE,0.5925925925925926,5.006172839506172,4.345679012345679,0.564372296715929,0.4875400091449471,0.4918479607846825
8,2007,COL,0.5521472392638037,5.308641975308642,4.679012345679013,0.5575033643354773,0.5005191955064454,0.4987444562920586
9,2007,DET,0.5432098765432098,5.4753086419753085,4.919753086419753,0.548792293903738,0.49996189605243074,0.4983108800056407
10,2007,FLA,0.4382716049382716,4.8765432098765435,5.5,0.4451787724307353,0.49980433739806573,0.4969649735002038
11,2007,HOU,0.4506172839506173,4.462962962962963,5.018518518518518,0.44653047176906907,0.4935342510072995,0.49063308991334725
12,2007,KCR,0.42592592592592593,4.3580246913580245,4.802469135802469,0.4556881469416376,0.5114442751974623,0.5072243831286318
13,2007,LAA,0.5802469135802469,5.074074074074074,4.512345679012346,0.5534718112415294,0.4959990855052579,0.4977040747342723
14,2007,LAD,0.5061728395061729,4.537037037037037,4.487654320987654,0.5050067225683919,0.5059149950020707,0.5029422341198
15,2007,MIL,0.5123456790123457,4.944444444444445,4.790123456790123,0.5145025362790908,0.48345774389097834,0.483464997013797
16,2007,MIN,0.4876543209876543,4.432098765432099,4.4753086419753085,0.49556141234224005,0.5047248894985517,0.5041253613459707
17,2007,NYM,0.5432098765432098,4.962962962962963,4.62962962962963,0.5317653333643222,0.495519396545678,0.4956155791900298
18,2007,NYY,0.5802469135802469,5.9753086419753085,4.796296296296297,0.5992206525947809,0.49574544879904736,0.49923695719385147
19,2007,OAK,0.4691358024691358,4.574074074074074,4.679012345679013,0.4896241269311151,0.5054107605547931,0.5026207041292537
20,2007,PHI,0.5493827160493827,5.506172839506172,5.067901234567901,0.5378737468373602,0.49204819705211,0.49115370580237727
21,2007,PIT,0.41975308641975306,4.469135802469136,5.222222222222222,0.4292327538540728,0.49837345234855845,0.4927718166716725
22,2007,SDP,0.5460122699386503,4.574074074074074,4.111111111111111,0.5486657057169135,0.5027628868485741,0.4984337652258258
23,2007,SEA,0.5432098765432098,4.901234567901234,5.018518518518518,0.48918288898848983,0.5019708857788583,0.5092961780177256
24,2007,SFG,0.4382716049382716,4.216049382716049,4.444444444444445,0.4758826984974215,0.51406923978183,0.5093308052743711
25,2007,STL,0.48148148148148145,4.4753086419753085,5.117283950617284,0.43897850905377706,0.4898762720406786,0.4928670377464059
26,2007,TBD,0.4074074074074074,4.827160493827161,5.827160493827161,0.41470787888762684,0.5163353727127108,0.5223230712032574
27,2007,TEX,0.46296296296296297,5.037037037037037,5.209876543209877,0.4845697024028823,0.5076207895137932,0.5059613966627924
28,2007,TOR,0.5123456790123457,4.648148148148148,4.314814814814815,0.5339921125702098,0.5015372488295304,0.5073396852025437
29,2007,WSN,0.4506172839506173,4.154320987654321,4.833333333333333,0.43117988297770404,0.5025094839089129,0.5032612584858966
0,2008,ARI,0.5061728395061729,4.444444444444445,4.3580246913580245,0.5089824918159174,0.4807000521772742,0.48274834234111264
1,2008,ATL,0.4444444444444444,4.648148148148148,4.802469135802469,0.48506190380481,0.49695949432038133,0.4953094723876306
2,2008,BAL,0.422360248447205,4.827160493827161,5.364197530864198,0.45188838145323923,0.5209108563468077,0.5192674471280396
3,2008,BOS,0.5864197530864198,5.216049382716049,4.283950617283951,0.5891039377726041,0.5110982368176875,0.5110197261797691
4,2008,CHC,0.6024844720496895,5.277777777777778,4.1419753086419755,0.6090851146461065,0.4888325973229816,0.4841813901766254
5,2008,CHW,0.5460122699386503,5.006172839506172,4.5,0.5486128512267021,0.5090440110859817,0.5110884232616364
6,2008,CIN,0.4567901234567901,4.345679012345679,4.938271604938271,0.44178149432173996,0.5081843019309467,0.5069789035237549
7,2008,CLE,0.5,4.969135802469136,4.697530864197531,0.5256929306829677,0.4995818250381604,0.49952756505215545
8,2008,COL,0.4567901234567901,4.611111111111111,5.074074074074074,0.4563400673785185,0.48553198207207415,0.48829550029897334
9,2008,DET,0.4567901234567901,5.067901234567901,5.290123456790123,0.4803765595818012,0.5068816893786402,0.5082204168344414
10,2008,FLA,0.5217391304347826,4.753086419753086,4.734567901234568,0.5017859413220395,0.4869322393476979,0.49167628781876194
11,2008,HOU,0.5341614906832298,4.395061728395062,4.58641975308642,0.48051208115282945,0.4970217386570933,0.4968207902992933
12,2008,KCR,0.46296296296296297,4.265432098765432,4.820987654320987,0.44421900024261035,0.5079100226220388,0.5138181356548718
13,2008,LAA,0.6172839506172839,4.722222222222222,4.302469135802469,0.5424861690011568,0.49142556057349196,0.5000255269961732
14,2008,LAD,0.5185185185185185,4.320987654320987,4.0,0.5352556562262912,0.4844219408857766,0.48213670541737497
15,2008,MIL,0.5555555555555556,4.62962962962963,4.253086419753086,0.5387328525511604,0.49324577437341627,0.4932846197351246
16,2008,MIN,0.5398773006134969,5.117283950617284,4.598765432098766,0.5487223426690181,0.5011780861277623,0.5033372966327307
17,2008,NYM,0.5493827160493827,4.932098765432099,4.41358024691358,0.55064410439783,0.4852667891673076,0.4869794773732349
18,2008,NYY,0.5493827160493827,4.87037037037037,4.487654320987654,0.5373718997068374,0.5125277831544081,0.5144730547040819
19,2008,OAK,0.4658385093167702,3.9876543209876543,4.2592592592592595,0.4698908408776968,0.5061486105470943,0.5028244467895614
20,2008,PHI,0.5679012345679012,4.932098765432099,4.197530864197531,0.5732493028008667,0.488391312867963,0.4901856802778717
21,2008,PIT,0.41358024691358025,4.537037037037037,5.45679012345679,0.4163455832749658,0.5113623784989642,0.5080711358271961
22,2008,SDP,0.3888888888888889,3.932098765432099,4.716049382716049,0.41758610688385384,0.49032662402427907,0.49115849263318573
23,2008,SEA,0.3765432098765432,4.1419753086419755,5.006172839506172,0.41416274750982424,0.5099300472911757,0.5056665867573217
24,2008,SFG,0.4444444444444444,3.950617283950617,4.685185185185185,0.42260797232425407,0.48538116634849116,0.4902284118812254
25,2008,STL,0.5308641975308642,4.808641975308642,4.4753086419753085,0.5328192661451935,0.4973670408900318,0.49252699184919013
26,2008,TBR,0.5987654320987654,4.777777777777778,4.1419753086419755,0.5649629632995102,0.5114173150900637,0.5149358730210216
27,2008,TEX,0.4876543209876543,5.561728395061729,5.969135802469136,0.46770287549852463,0.5050785579604232,0.5043677745548976
28,2008,TOR,0.5308641975308642,4.407407407407407,3.765432098765432,0.5715274723326224,0.5151448316193481,0.5131892750290341
29,2008,WSN,0.36645962732919257,3.95679012345679,5.092592592592593,0.38655707705723735,0.4994514544498789,0.500598408864318
0,2009,ARI,0.43209876543209874,4.444444444444445,4.827160493827161,0.4622806843975823,0.5107753703656366,0.5040602502539682
1,2009,ATL,0.5308641975308642,4.537037037037037,3.95679012345679,0.5622796548103925,0.4924854755325319,0.4924732872009927
2,2009,BAL,0.3950617283950617,4.574074074074074,5.407407407407407,0.42402329995476196,0.5199325723764611,0.5188189117182868
3,2009,BOS,0.5864197530864198,5.382716049382716,4.54320987654321,0.5769569064869015,0.4984417121810135,0.5043612432819085
4,2009,CHC,0.515527950310559,4.364197530864198,4.148148148148148,0.5232116426275492,0.4859475405909183,0.48261590487389394
5,2009,CHW,0.4876543209876543,4.469135802469136,4.518518518518518,0.4949726463064703,0.49425179670501573,0.4957455221987547
6,2009,CIN,0.48148148148148145,4.154320987654321,4.462962962962963,0.4672606793362238,0.48505047234694715,0.48825363522828535
7,2009,CLE,0.4012345679012346,4.771604938271605,5.339506172839506,0.44873469955320777,0.5046714513365151,0.5000074191134243
8,2009,COL,0.5679012345679012,4.962962962962963,4.41358024691358,0.5534671941177376,0.4968364648729341,0.4962440060118313
9,2009,DET,0.5276073619631901,4.58641975308642,4.598765432098766,0.49877016302990484,0.4927816170956999,0.497180794159755
10,2009,FLA,0.5370370370370371,4.765432098765432,4.728395061728395,0.5035695283364783,0.4899374811255288,0.4977221259109971
11,2009,HOU,0.4567901234567901,3.9691358024691357,4.753086419753086,0.41827717035523343,0.49673663784449934,0.4976390271436494
12,2009,KCR,0.4012345679012346,4.234567901234568,5.197530864197531,0.40734031236139134,0.5028978427459446,0.5036476781252801
13,2009,LAA,0.5987654320987654,5.450617283950617,4.697530864197531,0.5676098693851751,0.5049502404522724,0.5029424145474733
14,2009,LAD,0.5864197530864198,4.814814814814815,3.771604938271605,0.6098972745876201,0.499459681290062,0.493598169392569
15,2009,MIL,0.49382716049382713,4.845679012345679,5.049382716049383,0.48116969195341347,0.4930791801337248,0.4929321436713175
16,2009,MIN,0.5337423312883436,5.04320987654321,4.722222222222222,0.5300504314455545,0.4935862415590887,0.49382477648139395
17,2009,NYM,0.43209876543209874,4.1419753086419755,4.672839506172839,0.4450510252312694,0.5059742729719466,0.5063381096330482
18,2009,NYY,0.6358024691358025,5.648148148148148,4.648148148148148,0.5882151244363021,0.49451677181486026,0.5021677847957567
19,2009,OAK,0.46296296296296297,4.685185185185185,4.697530864197531,0.4987960542635898,0.5232020313378082,0.5130337026002788
20,2009,PHI,0.5740740740740741,5.061728395061729,4.3765432098765435,0.5661527314858121,0.48507863613428076,0.4899291992111634
21,2009,PIT,0.38509316770186336,3.925925925925926,4.7407407407407405,0.4145658596904842,0.49500965333884245,0.49133066059476566
22,2009,SDP,0.46296296296296297,3.9382716049382718,4.746913580246914,0.41538264304915046,0.5105675736826206,0.5120289045476178
23,2009,SEA,0.5246913580246914,3.950617283950617,4.271604938271605,0.46432185602880977,0.509027362842152,0.5100624001816194
24,2009,SFG,0.5432098765432098,4.055555555555555,3.771604938271605,0.5331598353153243,0.5011966059559543,0.5001036192444512
25,2009,STL,0.5617283950617284,4.506172839506172,3.950617283950617,0.5599070257397745,0.4796083217360437,0.47844872611724093
26,2009,TBR,0.5185185185185185,4.95679012345679,4.654320987654321,0.5287734475232381,0.5046526556347554,0.5059445428431301
27,2009,TEX,0.5370370370370371,4.839506172839506,4.567901234567901,0.5264000922563843,0.5076175167821001,0.503337905940702
28,2009,TOR,0.46296296296296297,4.925925925925926,4.7592592592592595,0.5157420479063112,0.5157563329695923,0.512461583029613
29,2009,WSN,0.36419753086419754,4.382716049382716,5.395061728395062,0.4060540140293089,0.5059704862442379,0.5057011523442111
0,2010,ARI,0.4012345679012346,4.401234567901234,5.160493827160494,0.4277004776973503,0.516422801402225,0.5192388286129594
1,2010,ATL,0.5617283950617284,4.555555555555555,3.882716049382716,0.5725975403416169,0.49557994208199935,0.4978147237807484
2,2010,BAL,0.4074074074074074,3.7839506172839505,4.845679012345679,0.38874434612576875,0.5235482395976219,0.5246959609112869
3,2010,BOS,0.5493827160493827,5.049382716049383,4.592592592592593,0.5432722219794122,0.5079256210943449,0.506290470308643
4,2010,CHC,0.46296296296296297,4.228395061728395,4.734567901234568,0.4484551772248063,0.4937128486511198,0.49211735561841186
5,2010,CHW,0.5432098765432098,4.6419753086419755,4.345679012345679,0.5301391870751113,0.4883020880963264,0.48585412540111755
6,2010,CIN,0.5617283950617284,4.8765432098765435,4.228395061728395,0.5648781202124535,0.476680384087791,0.475133271601342
7,2010,CLE,0.42592592592592593,3.9876543209876543,4.6419753086419755,0.43093328719938356,0.510211857948483,0.5063805125906304
8,2010,COL,0.5123456790123457,4.753086419753086,4.425925925925926,0.5325802349789749,0.49931412894375815,0.5017247961260894
9,2010,DET,0.5,4.635802469135802,4.58641975308642,0.5048994883984774,0.49295076969974055,0.4889383007975769
10,2010,FLA,0.49382716049382713,4.438271604938271,4.425925925925926,0.5012743713235652,0.5070111263526899,0.5095796566939272
11,2010,HOU,0.4691358024691358,3.771604938271605,4.5,0.41991179450190563,0.49649443682365446,0.499682081973157
12,2010,KCR,0.41358024691358025,4.172839506172839,5.216049382716049,0.3993071787485911,0.5109358329522935,0.5099556797063326
13,2010,LAA,0.49382716049382713,4.203703703703703,4.333333333333333,0.4861087984075762,0.49828532235939593,0.4983208078158338
14,2010,LAD,0.49382716049382713,4.117283950617284,4.271604938271605,0.4831722292127757,0.504305746075293,0.5109581249763779
15,2010,MIL,0.47530864197530864,4.62962962962963,4.962962962962963,0.4682346666356778,0.4913122999542748,0.489752179306895
16,2010,MIN,0.5802469135802469,4.820987654320987,4.1419753086419755,0.5690080093714135,0.49066453284560246,0.48871253682048976
17,2010,NYM,0.4876543209876543,4.049382716049383,4.0246913580246915,0.5027981446487401,0.5050678250266722,0.5068284817784314
18,2010,NYY,0.5864197530864198,5.302469135802469,4.277777777777778,0.5969979976239076,0.49855204999237895,0.49451381188432186
19,2010,OAK,0.5,4.092592592592593,3.8641975308641974,0.5262476126793854,0.49862825788751663,0.4945904558344497
20,2010,PHI,0.5987654320987654,4.765432098765432,3.950617283950617,0.5849566972218249,0.49721841182746507,0.5027138691775979
21,2010,PIT,0.35185185185185186,3.623456790123457,5.345679012345679,0.3292423116333795,0.5050678250266722,0.5060531956921753
22,2010,SDP,0.5555555555555556,4.104938271604938,3.5864197530864197,0.5614666217036869,0.49005486968449896,0.4934986866075061
23,2010,SEA,0.3765432098765432,3.1666666666666665,4.308641975308642,0.36272965566258847,0.517184880353604,0.5178928160404117
24,2010,SFG,0.5679012345679012,4.302469135802469,3.5987654320987654,0.5809890242060124,0.4922648986434991,0.49568276066955774
25,2010,STL,0.5308641975308642,4.54320987654321,3.95679012345679,0.5628919347995567,0.48525377229080896,0.48053773808213435
26,2010,TBR,0.5925925925925926,4.950617283950617,4.006172839506172,0.5956486690860351,0.4993903368388962,0.4962456972931136
27,2010,TEX,0.5555555555555556,4.8580246913580245,4.2407407407407405,0.5618530395114693,0.48601585124218816,0.4809203985827002
28,2010,TOR,0.5246913580246914,4.660493827160494,4.493827160493828,0.5166544773222999,0.516270385611949,0.5160070480182883
29,2010,WSN,0.42592592592592593,4.04320987654321,4.580246913580247,0.4431897193809565,0.5053726566072243,0.5062486622121836
0,2011,ARI,0.5802469135802469,4.512345679012346,4.08641975308642,0.5452361335456631,0.48678337361464896,0.49075300206812555
1,2011,ATL,0.5493827160493827,3.95679012345679,3.734567901234568,0.526419328805823,0.49853335302431706,0.4998467350029398
2,2011,BAL,0.42592592592592593,4.37037037037037,5.308641975308642,0.4119491314645974,0.519660926934142,0.5214436788514726
3,2011,BOS,0.5555555555555556,5.401234567901234,4.549382716049383,0.5778842123733967,0.5023624447492757,0.5023707222446597
4,2011,CHC,0.4382716049382716,4.037037037037037,4.666666666666667,0.4340786762429262,0.5004394970846925,0.49990844174920873
5,2011,CHW,0.4876543209876543,4.037037037037037,4.3580246913580245,0.46505470849695324,0.49306579155389296,0.49158998308695917
6,2011,CIN,0.4876543209876543,4.537037037037037,4.444444444444445,0.5094322047894554,0.4945906594680968,0.4905499650229248
7,2011,CLE,0.49382716049382713,4.345679012345679,4.691358024691358,0.46504005304409307,0.49622770919067183,0.49557450045386675
8,2011,COL,0.4506172839506173,4.537037037037037,4.777777777777778,0.4763642503049031,0.5069595321876583,0.5037483016604684
9,2011,DET,0.5864197530864198,4.8580246913580245,4.388888888888889,0.546328518029547,0.4814634945248647,0.48133456196197666
10,2011,FLA,0.4444444444444444,3.8580246913580245,4.333333333333333,0.44704617488525905,0.5147081237616213,0.5132461700555353
11,2011,HOU,0.345679012345679,3.7962962962962963,4.91358024691358,0.384119852280459,0.5096237318012228,0.50635439915403
12,2011,KCR,0.4382716049382716,4.506172839506172,4.703703703703703,0.48038240090064305,0.5003048315805515,0.49177596314463456
13,2011,LAA,0.5308641975308642,4.117283950617284,3.9074074074074074,0.5239179591632439,0.4953340414514145,0.49807406623725275
14,2011,LAD,0.5093167701863354,3.9753086419753085,3.7777777777777777,0.5233002595865661,0.49283574784558826,0.4909297554767147
15,2011,MIL,0.5925925925925926,4.450617283950617,3.9382716049382718,0.555720243618659,0.48422638572933746,0.4872093984598471
16,2011,MIN,0.3888888888888889,3.8209876543209877,4.962962962962963,0.38259835627829464,0.5125182117935738,0.5078976124437127
17,2011,NYM,0.47530864197530864,4.432098765432099,4.580246913580247,0.4849620857620795,0.5140416596848871,0.5124798967210016
18,2011,NYY,0.5987654320987654,5.351851851851852,4.055555555555555,0.6242342075526303,0.4980566986739824,0.49700614461710846
19,2011,OAK,0.4567901234567901,3.9814814814814814,4.191358024691358,0.4765151473670928,0.5100594421582071,0.5069127008248376
20,2011,PHI,0.6296296296296297,4.401234567901234,3.265432098765432,0.6332633068541015,0.4926840420667578,0.491414529891742
21,2011,PIT,0.4444444444444444,3.765432098765432,4.395061728395062,0.4297300348291613,0.4941719893858018,0.49440348967874576
22,2011,SDP,0.4382716049382716,3.6604938271604937,3.771604938271605,0.4863229914912594,0.5005580689960718,0.49738220032082875
23,2011,SEA,0.41358024691358025,3.432098765432099,4.166666666666667,0.4121902695511329,0.5147649246772521,0.5171349658213046
24,2011,SFG,0.5308641975308642,3.5185185185185186,3.567901234567901,0.4936239358135341,0.493204007115261,0.4975239758325869
25,2011,STL,0.5555555555555556,4.703703703703703,4.271604938271605,0.5439710906678822,0.487484628252207,0.4879250785002862
26,2011,TBR,0.5617283950617284,4.364197530864198,3.7901234567901234,0.56416804145357,0.49935223289132724,0.5008482473935932
27,2011,TEX,0.5925925925925926,5.277777777777778,4.179012345679013,0.6051994228262113,0.4894071025758264,0.4904193723515482
28,2011,TOR,0.5,4.58641975308642,4.697530864197531,0.4890504301107064,0.5117741197988108,0.515444365607041
29,2011,WSN,0.4968944099378882,3.8518518518518516,3.9691358024691357,0.48628102648120053,0.49863038792185305,0.49665024668874913
0,2012,ARI,0.5,4.530864197530864,4.246913580246914,0.5295749233458157,0.49413199207437863,0.49398135058162274
1,2012,ATL,0.5802469135802469,4.320987654320987,3.7037037037037037,0.5700599484585009,0.49458923944520616,0.496298804925916
2,2012,BAL,0.5740740740740741,4.395061728395062,4.351851851851852,0.5045200265489479,0.5065157750342932,0.5132824170271326
3,2012,BOS,0.42592592592592593,4.530864197530864,4.9753086419753085,0.45729387599368426,0.5183279987806734,0.51417772931664
4,2012,CHC,0.3765432098765432,3.7839506172839505,4.685185185185185,0.4034873239930905,0.5013717421124824,0.5056589430331556
5,2012,CHW,0.5246913580246914,4.617283950617284,4.172839506172839,0.5461716152379296,0.48403444596860207,0.4844937754097187
6,2012,CIN,0.5987654320987654,4.12962962962963,3.6296296296296298,0.5587707044685333,0.47626124066453246,0.48380371267980277
7,2012,CLE,0.41975308641975306,4.117283950617284,5.216049382716049,0.3934387660301088,0.5050678250266725,0.5075510752630906
8,2012,COL,0.3950617283950617,4.679012345679013,5.493827160493828,0.4270775679876713,0.5097546105776556,0.509132490114944
9,2012,DET,0.5432098765432098,4.481481481481482,4.135802469135802,0.5366586802414102,0.4891022709952747,0.4917452675429867
10,2012,HOU,0.3395061728395062,3.5987654320987654,4.901234567901234,0.3623266096953089,0.5057536960829138,0.5074500957546177
11,2012,KCR,0.4444444444444444,4.172839506172839,4.604938271604938,0.45504311240228346,0.50072397500381,0.5012309740736941
12,2012,LAA,0.5493827160493827,4.734567901234568,4.314814814814815,0.5423706354561486,0.5122313671696384,0.5111923773247004
13,2012,LAD,0.5308641975308642,3.932098765432099,3.685185185185185,0.5296352618744355,0.4952370065538787,0.4997853875043363
14,2012,MIA,0.42592592592592593,3.759259259259259,4.469135802469136,0.4215190075213024,0.5068587105624139,0.5104359277629151
15,2012,MIL,0.5123456790123457,4.790123456790123,4.5246913580246915,0.5260569917466235,0.47915714067977394,0.48417612318063297
16,2012,MIN,0.4074074074074074,4.327160493827161,5.135802469135802,0.422254820566014,0.5053726566072241,0.5042087267728446
17,2012,NYM,0.4567901234567901,4.012345679012346,4.3765432098765435,0.4603344787793683,0.5125361987501901,0.5113744960578743
18,2012,NYY,0.5864197530864198,4.962962962962963,4.1234567901234565,0.5839765757470972,0.5090306355738451,0.5075223311272242
19,2012,OAK,0.5802469135802469,4.401234567901234,3.7901234567901234,0.5679667390679155,0.5064395671391552,0.5055320161284332
20,2012,PHI,0.5,4.222222222222222,4.197530864197531,0.5026832663899612,0.4987044657826547,0.4996352720568831
21,2012,PIT,0.4876543209876543,4.018518518518518,4.160493827160494,0.4841207274400126,0.48765432098765377,0.49113761368629016
22,2012,SDP,0.4691358024691358,4.018518518518518,4.382716049382716,0.4603925961344393,0.4993903368388963,0.5035113331168006
23,2012,SEA,0.46296296296296297,3.8209876543209877,4.018518518518518,0.4769563370000006,0.5188995579942077,0.5163709068390782
24,2012,SFG,0.5802469135802469,4.432098765432099,4.006172839506172,0.5460931190103437,0.4865493065081539,0.4932168029455313
25,2012,STL,0.5432098765432098,4.722222222222222,4.0,0.5753596630518095,0.4808718183203774,0.4832607433433737
26,2012,TBR,0.5555555555555556,4.302469135802469,3.5617283950617282,0.5855904586330039,0.5068206066148448,0.5020480051881686
27,2012,TEX,0.5740740740740741,4.987654320987654,4.364197530864198,0.5607884244424521,0.498285322359396,0.5002369900669664
28,2012,TOR,0.4506172839506173,4.419753086419753,4.839506172839506,0.4585866434954197,0.5196235329980182,0.5186239601018905
29,2012,WSN,0.6049382716049383,4.512345679012346,3.6666666666666665,0.5938218439261921,0.4907026367931715,0.49185509575854713
0,2013,ARI,0.5,4.228395061728395,4.290123456790123,0.49336983780759414,0.5006290657847117,0.49538782558820116
1,2013,ATL,0.5925925925925926,4.246913580246914,3.382716049382716,0.6026094595676518,0.4812528577960672,0.47710821043182966
2,2013,BAL,0.5246913580246914,4.598765432098766,4.3765432098765435,0.5226438767244721,0.5122072892150394,0.5097212203044039
3,2013,BOS,0.5987654320987654,5.265432098765432,4.049382716049383,0.6178790932877165,0.49969236322085375,0.4940125102917972
4,2013,CHC,0.4074074074074074,3.7160493827160495,4.253086419753086,0.4385570153204767,0.5123961725870378,0.512440456381187
5,2013,CHW,0.3888888888888889,3.691358024691358,4.462962962962963,0.4140208686910574,0.506885359949057,0.5079746050101451
6,2013,CIN,0.5555555555555556,4.308641975308642,3.6358024691358026,0.5770612495345572,0.5008887804212094,0.5012188247150297
7,2013,CLE,0.5679012345679012,4.598765432098766,4.08641975308642,0.5538298559722882,0.4898744019082827,0.49477226902457455
8,2013,COL,0.4567901234567901,4.3580246913580245,4.691358024691358,0.46633181276913965,0.5004308317507333,0.49412626611497795
9,2013,DET,0.5740740740740741,4.91358024691358,3.8518518518518516,0.6095714853851975,0.49004364889012264,0.48826665933017743
10,2013,HOU,0.3148148148148148,3.765432098765432,5.234567901234568,0.35369383345016747,0.5157156575899785,0.5168020889611112
11,2013,KCR,0.5308641975308642,4.0,3.7098765432098766,0.5343934109113649,0.4970164375286944,0.4999182117147406
12,2013,LAA,0.48148148148148145,4.5246913580246915,4.549382716049383,0.4975102185157409,0.49673989170063243,0.4993845501904214
13,2013,LAD,0.5679012345679012,4.006172839506172,3.5925925925925926,0.5496857186369491,0.49090484485849123,0.48732929571014033
14,2013,MIA,0.38271604938271603,3.1666666666666665,3.9876543209876543,0.3960721620243659,0.5058962936781105,0.5002586781382714
15,2013,MIL,0.4567901234567901,3.950617283950617,4.2407407407407405,0.4676241146116447,0.5072689708567912,0.5082670177152705
16,2013,MIN,0.4074074074074074,3.7901234567901234,4.864197530864198,0.38779489514345056,0.5075880621968627,0.5128517225265553
17,2013,NYM,0.4567901234567901,3.8209876543209877,4.222222222222222,0.45444410516330935,0.496951684194482,0.4929515171203162
18,2013,NYY,0.5246913580246914,4.012345679012346,4.1419753086419755,0.48545707897726387,0.5101496760463152,0.5118238175593893
19,2013,OAK,0.5925925925925926,4.734567901234568,3.8580246913580245,0.5925858031861315,0.4817484428810132,0.48676970949810344
20,2013,PHI,0.4506172839506173,3.765432098765432,4.6234567901234565,0.4071734863215939,0.5012193263222063,0.5032853421075982
21,2013,PIT,0.5802469135802469,3.9135802469135803,3.5617283950617282,0.5429931286585109,0.4967354501361919,0.5046613344993622
22,2013,SDP,0.4691358024691358,3.814814814814815,4.320987654320987,0.443244873212908,0.5003546238555953,0.49661283024726677
23,2013,SEA,0.4382716049382716,3.8518518518518516,4.654320987654321,0.41427682772259444,0.5017530153547215,0.5085404821057257
24,2013,SFG,0.4691358024691358,3.882716049382716,4.265432098765432,0.4570968428758816,0.5047365778260267,0.5003401310826897
25,2013,STL,0.5987654320987654,4.833333333333333,3.6790123456790123,0.6223165353654708,0.4930774711695709,0.49366876014001687
26,2013,TBR,0.5644171779141104,4.320987654320987,3.9876543209876543,0.5366625612002027,0.5048214350834963,0.5062659930369307
27,2013,TEX,0.558282208588957,4.506172839506172,3.925925925925926,0.5627322245362947,0.49022575303218535,0.4941388719417157
28,2013,TOR,0.4567901234567901,4.395061728395062,4.666666666666667,0.47259420960529785,0.5203996379423677,0.5169105092932568
29,2013,WSN,0.5308641975308642,4.049382716049383,3.8641975308641974,0.521402679738865,0.488568815729309,0.4866059417032137
0,2014,ARI,0.3950617283950617,3.7962962962962963,4.580246913580247,0.4149497372563035,0.5003429355281203,0.5013626613585201
1,2014,ATL,0.4876543209876543,3.537037037037037,3.685185185185185,0.48123695089456225,0.4971422039323269,0.5022810690854729
2,2014,BAL,0.5925925925925926,4.351851851851852,3.6604938271604937,0.5784945038358901,0.49740893156530963,0.4967881298276595
3,2014,BOS,0.4382716049382716,3.9135802469135803,4.41358024691358,0.4452139806960462,0.513793629019966,0.5105458910348007
4,2014,CHC,0.4506172839506173,3.7901234567901234,4.364197530864198,0.4358319585464301,0.5040009144947412,0.5009577124705714
5,2014,CHW,0.4506172839506173,4.074074074074074,4.679012345679013,0.43699870474710867,0.5071254381953965,0.5060514347536814
6,2014,CIN,0.4691358024691358,3.6728395061728394,3.7777777777777777,0.4871146774181603,0.5028577960676721,0.4961260109782692
7,2014,CLE,0.5246913580246914,4.12962962962963,4.030864197530864,0.5110728601667703,0.4978280749885683,0.4968617392047162
8,2014,COL,0.4074074074074074,4.660493827160494,5.049382716049383,0.4633994358233104,0.49759945130315447,0.49425679919857857
9,2014,DET,0.5555555555555556,4.672839506172839,4.351851851851852,0.5325122544329628,0.4971040999847579,0.49696052773444277
10,2014,HOU,0.43209876543209874,3.882716049382716,4.462962962962963,0.4366230569998311,0.5118884316415175,0.5190903809935788
11,2014,KCR,0.5493827160493827,4.018518518518518,3.8518518518518516,0.5193696694579265,0.4980185947264132,0.49836382853414757
12,2014,LAA,0.6049382716049383,4.771604938271605,3.888888888888889,0.5925080760538068,0.49432251181222325,0.5030057548046093
13,2014,LAD,0.5802469135802469,4.432098765432099,3.808641975308642,0.5689157960754259,0.4825864959609811,0.4865142540546995
14,2014,MIA,0.47530864197530864,3.9814814814814814,4.160493827160494,0.47989009820589845,0.4975994513031544,0.5016899203954661
15,2014,MIL,0.5061728395061729,4.012345679012346,4.055555555555555,0.49509957448056807,0.49554183813443026,0.49357097796029303
16,2014,MIN,0.43209876543209874,4.41358024691358,4.796296296296297,0.462028554495726,0.5113930803231209,0.5049052284537447
17,2014,NYM,0.4876543209876543,3.882716049382716,3.814814814814815,0.5080708795708749,0.49931412894375804,0.500011785904388
18,2014,NYY,0.5185185185185185,3.9074074074074074,4.098765432098766,0.4781400786047977,0.503162627648224,0.5056019198325127
19,2014,OAK,0.5432098765432098,4.5,3.5308641975308643,0.6091733053540257,0.5008763907940859,0.5003142759593965
20,2014,PHI,0.4506172839506173,3.8209876543209877,4.2407407407407405,0.4524592694610699,0.5051059289742413,0.5083983137410811
21,2014,PIT,0.5432098765432098,4.209876543209877,3.8950617283950617,0.5354988094739465,0.49653254077122344,0.49227595958874304
22,2014,SDP,0.47530864197530864,3.302469135802469,3.5617283950617282,0.4654792077402105,0.4927983539094645,0.4977698091060558
23,2014,SEA,0.5370370370370371,3.9135802469135803,3.419753086419753,0.561398124201097,0.5003810394756891,0.5045624473727528
24,2014,SFG,0.5432098765432098,4.104938271604938,3.7901234567901234,0.5364401672355801,0.48521566834323987,0.4909545578220998
25,2014,STL,0.5555555555555556,3.8209876543209877,3.7222222222222223,0.5119787521780416,0.4950464868160336,0.49481876055615104
26,2014,TBR,0.47530864197530864,3.7777777777777777,3.8580246913580245,0.4903848250089991,0.508992531626276,0.5045453251388471
27,2014,TEX,0.41358024691358025,3.932098765432099,4.771604938271605,0.41238315914104834,0.51364121322969,0.5222350430631929
28,2014,TOR,0.5123456790123457,4.462962962962963,4.234567901234568,0.5240147129328752,0.5044962658131378,0.500953209077165
29,2014,WSN,0.5925925925925926,4.234567901234568,3.425925925925926,0.5957516359849201,0.48788294467306764,0.49065908846856054
0,2015,ARI,0.4876543209876543,4.444444444444445,4.401234567901234,0.5044695605983237,0.4939795762841025,0.49620596230277986
1,2015,ATL,0.41358024691358025,3.537037037037037,4.691358024691358,0.373588665633083,0.4925316262764818,0.5002363374054991
2,2015,BAL,0.5,4.401234567901234,4.277777777777778,0.5130135854884983,0.5074773672018255,0.5151929552326002
3,2015,BOS,0.48148148148148145,4.617283950617284,4.648148148148148,0.4969520584593369,0.5071169180580519,0.5128508038069646
4,2015,CHC,0.5987654320987654,4.253086419753086,3.753086419753086,0.5569694081068235,0.49492649488176366,0.4943252796686063
5,2015,CHW,0.4691358024691358,3.8395061728395063,4.327160493827161,0.44551494443981565,0.5157099499110588,0.5117376163388887
6,2015,CIN,0.3950617283950617,3.950617283950617,4.654320987654321,0.42556206172111855,0.5201134408953334,0.5115073789257625
7,2015,CLE,0.5031055900621118,4.12962962962963,3.950617283950617,0.5202634121802608,0.5039732240483712,0.49742803391678386
8,2015,COL,0.41975308641975306,4.549382716049383,5.209876543209877,0.4382953394983542,0.5012193263222064,0.5015685449009029
9,2015,DET,0.45962732919254656,4.253086419753086,4.95679012345679,0.43040533231493855,0.5130336801029228,0.5094128018881311
10,2015,HOU,0.5308641975308642,4.5,3.814814814814815,0.5750019991219839,0.4981610703564537,0.4975167927583679
11,2015,KCR,0.5864197530864198,4.469135802469136,3.95679012345679,0.5554767370194127,0.5004683708834714,0.4980488743248302
12,2015,LAA,0.5246913580246914,4.080246913580247,4.166666666666667,0.4904125009629004,0.5002757211112905,0.5075552707118668
13,2015,LAD,0.5679012345679012,4.117283950617284,3.6728395061728394,0.5520701316200044,0.48403444596860185,0.4886148140291998
14,2015,MIA,0.4382716049382716,3.7839506172839505,4.185185185185185,0.45402232788087094,0.48887364730986077,0.48915991383336493
15,2015,MIL,0.41975308641975306,4.04320987654321,4.549382716049383,0.44624521266833356,0.5167044392755605,0.5081428031969969
16,2015,MIN,0.5123456790123457,4.296296296296297,4.320987654320987,0.4973782403490214,0.5070984577604719,0.5034301950955448
17,2015,NYM,0.5555555555555556,4.216049382716049,3.7839506172839505,0.5493086524402659,0.47751867093430844,0.48020699978106335
18,2015,NYY,0.5370370370370371,4.716049382716049,4.308641975308642,0.5412406183198422,0.5031907914355574,0.5118080841879112
19,2015,OAK,0.41975308641975306,4.283950617283951,4.5,0.477505384594139,0.5119752897083363,0.5091184399399098
20,2015,PHI,0.3888888888888889,3.8641975308641974,4.993827160493828,0.38478173896038853,0.4969135802469132,0.4992223865958967
21,2015,PIT,0.6049382716049383,4.302469135802469,3.6790123456790123,0.571133397117956,0.49277042679261274,0.49149569070661125
22,2015,SDP,0.4567901234567901,4.012345679012346,4.512345679012346,0.44647655776345324,0.49714220393232694,0.5012043977502318
23,2015,SEA,0.4691358024691358,4.049382716049383,4.481481481481482,0.4537470448719298,0.5034575190685402,0.5090696017201055
24,2015,SFG,0.5185185185185185,4.296296296296297,3.8703703703703702,0.5476196600856319,0.4880353604633436,0.488962687851416
25,2015,STL,0.6172839506172839,3.993827160493827,3.240740740740741,0.5944457716099114,0.49454687542896475,0.49143443809062365
26,2015,TBR,0.49382716049382713,3.9753086419753085,3.962962962962963,0.5014230144124839,0.5067169449438187,0.5150398455672348
27,2015,TEX,0.5432098765432098,4.635802469135802,4.5246913580246915,0.5110971044489145,0.4968082618825144,0.5037850976525777
28,2015,TOR,0.5740740740740741,5.5,4.135802469135802,0.6275386733545641,0.4974195817369904,0.4987901603308958
29,2015,WSN,0.5123456790123457,4.339506172839506,3.919753086419753,0.5464083792483725,0.4816338972717569,0.47942698119604604
0,2016,ARI,0.42592592592592593,4.6419753086419755,5.493827160493828,0.423522955340928,0.5010777973740931,0.5095712219187367
1,2016,ATL,0.422360248447205,4.006172839506172,4.808641975308642,0.41723890572536565,0.49959671349902124,0.498686684392874
2,2016,BAL,0.5493827160493827,4.592592592592593,4.41358024691358,0.5181814901991048,0.5069822525539107,0.5134089363941836
3,2016,BOS,0.5740740740740741,5.419753086419753,4.283950617283951,0.6059619169407504,0.49957825320144106,0.4990688061696193
4,2016,CHC,0.639751552795031,4.987654320987654,3.432098765432099,0.6646403632318666,0.48270743457717824,0.4848581444178777
5,2016,CHW,0.48148148148148145,4.234567901234568,4.41358024691358,0.48106630911303255,0.5050503114110195,0.5023862835408891
6,2016,CIN,0.41975308641975306,4.419753086419753,5.271604938271605,0.4200570066746774,0.5106343147584868,0.5146432932619663
7,2016,CLE,0.5838509316770186,4.796296296296297,4.172839506172839,0.5633631273508606,0.4864865888304782,0.4850774427401259
8,2016,COL,0.46296296296296297,5.216049382716049,5.308641975308642,0.4919506344257012,0.49651810387183387,0.4987263663166782
9,2016,DET,0.5341614906832298,4.62962962962963,4.450617283950617,0.518033261384948,0.4923287996735837,0.4910969971793713
10,2016,HOU,0.5185185185185185,4.469135802469136,4.327160493827161,0.5147654092977852,0.5023496645432586,0.49969027412574507
11,2016,KCR,0.5,4.166666666666667,4.395061728395062,0.475604796922836,0.5010662005204852,0.500252557199663
12,2016,LAA,0.4567901234567901,4.425925925925926,4.487654320987654,0.49366367283204976,0.513652810083298,0.5064989903808159
13,2016,LAD,0.5617283950617284,4.4753086419753085,3.9382716049382718,0.55821850567826,0.4825422385808854,0.4926170315188564
14,2016,MIA,0.4906832298136646,4.04320987654321,4.209876543209877,0.4815279626722084,0.491211714999512,0.49094947912124415
15,2016,MIL,0.4506172839506173,4.1419753086419755,4.5246913580246915,0.4596556215660412,0.49974321252725223,0.5042294692835698
16,2016,MIN,0.36419753086419754,4.45679012345679,5.487654320987654,0.4059407287917922,0.5153331705040414,0.506883548351115
17,2016,NYM,0.5370370370370371,4.1419753086419755,3.808641975308642,0.5383090741442359,0.4904392225469336,0.48703993347737845
18,2016,NYY,0.5185185185185185,4.197530864197531,4.333333333333333,0.48543704292879,0.5086607196107996,0.5153146595609742
19,2016,OAK,0.42592592592592593,4.030864197530864,4.697530864197531,0.4304310009493258,0.5147315541393189,0.511278341185308
20,2016,PHI,0.4382716049382716,3.765432098765432,4.91358024691358,0.3805919126585134,0.5008356834712171,0.5053446009258722
21,2016,PIT,0.484472049689441,4.5,4.679012345679013,0.48216065888834836,0.5012834640227729,0.5057687296945664
22,2016,SDP,0.41975308641975306,4.234567901234568,4.753086419753086,0.44734876888667513,0.5014564701449649,0.506327760268842
23,2016,SEA,0.5308641975308642,4.7407407407407405,4.364197530864198,0.5377900688400974,0.5010929442849281,0.49742228130201704
24,2016,SFG,0.5370370370370371,4.41358024691358,3.8950617283950617,0.5569288987158342,0.4867310694381722,0.49324169283285973
25,2016,STL,0.5308641975308642,4.808641975308642,4.395061728395062,0.5410517907737533,0.49483040666615496,0.49769056211004925
26,2016,TBR,0.41975308641975306,4.148148148148148,4.401234567901234,0.47293193053697524,0.5187549523298309,0.5153619907137911
27,2016,TEX,0.5864197530864198,4.722222222222222,4.672839506172839,0.5048093571997315,0.49427162765863736,0.5010566694843319
28,2016,TOR,0.5493827160493827,4.685185185185185,4.111111111111111,0.559517270143786,0.5031560008747336,0.5030920807381223
29,2016,WSN,0.5864197530864198,4.709876543209877,3.7777777777777777,0.5995431961233919,0.4853174366504116,0.4804355803479011
0,2017,ARI,0.5740740740740741,5.012345679012346,4.067901234567901,0.5943702283954776,0.4964563328760855,0.4907420570582621
1,2017,ATL,0.4444444444444444,4.518518518518518,5.067901234567901,0.44769729539826103,0.4939033683889647,0.4945839587410442
2,2017,BAL,0.46296296296296297,4.58641975308642,5.191358024691358,0.4435593316731012,0.5131077579637245,0.5175089152431973
3,2017,BOS,0.5740740740740741,4.845679012345679,4.1234567901234565,0.5733063349126163,0.4965325407712235,0.4998877703536373
4,2017,CHC,0.5679012345679012,5.074074074074074,4.290123456790123,0.5761836557371701,0.4873494894071021,0.49031300931956856
5,2017,CHW,0.41358024691358025,4.3580246913580245,5.061728395061729,0.4319422817200881,0.5134506934918452,0.5123751982044614
6,2017,CIN,0.41975308641975306,4.648148148148148,5.364197530864198,0.4348233323374334,0.5105928974241726,0.5127812170992126
7,2017,CLE,0.6296296296296297,5.049382716049383,3.4814814814814814,0.6638299302703247,0.48369151044048114,0.4808683885805522
8,2017,COL,0.5370370370370371,5.08641975308642,4.672839506172839,0.5387216387182547,0.4996570644718788,0.4967001701339589
9,2017,DET,0.3950617283950617,4.537037037037037,5.518518518518518,0.41135212864083326,0.5130696540161556,0.511670550250489
10,2017,HOU,0.6234567901234568,5.530864197530864,4.320987654320987,0.6110561685059698,0.49005486968449874,0.49266033155295813
11,2017,KCR,0.49382716049382713,4.333333333333333,4.882716049382716,0.4456068202131326,0.5016384697454651,0.5089689051622217
12,2017,LAA,0.49382716049382713,4.382716049382716,4.3765432098765435,0.5006448200452468,0.5066681908245689,0.5057817579792274
13,2017,LAD,0.6419753086419753,4.753086419753086,3.580246913580247,0.6268093968661068,0.4848727328151192,0.4838772274191421
14,2017,MIA,0.47530864197530864,4.802469135802469,5.074074074074074,0.4748523908545249,0.4907407407407402,0.49315490335989254
15,2017,MIL,0.5308641975308642,4.518518518518518,4.302469135802469,0.52240025523011,0.4950083828684647,0.4985089004774469
16,2017,MIN,0.5246913580246914,5.030864197530864,4.864197530864198,0.5154083053482305,0.49767565919829243,0.49857246470667577
17,2017,NYM,0.43209876543209874,4.537037037037037,5.327160493827161,0.4270748299801243,0.49721841182746485,0.5011750986827922
18,2017,NYY,0.5617283950617284,5.296296296296297,4.074074074074074,0.6177777700087579,0.49836153025453384,0.49369596755567785
19,2017,OAK,0.46296296296296297,4.561728395061729,5.098765432098766,0.4492569822807641,0.5059061118731896,0.5088486745319261
20,2017,PHI,0.4074074074074074,4.2592592592592595,4.827160493827161,0.44298690207123254,0.5008001828989478,0.49897841925530406
21,2017,PIT,0.46296296296296297,4.1234567901234565,4.512345679012346,0.45886089365724275,0.5007620789513788,0.5049258386730375
22,2017,SDP,0.4382716049382716,3.728395061728395,5.037037037037037,0.3657397168055393,0.5104023776863278,0.5158077255151438
23,2017,SEA,0.48148148148148145,4.62962962962963,4.765432098765432,0.486776144926065,0.5047629934461205,0.5050961633450535
24,2017,SFG,0.3950617283950617,3.9444444444444446,4.790123456790123,0.4120556323375195,0.5144795000762074,0.5089454610135314
25,2017,STL,0.5123456790123457,4.697530864197531,4.351851851851852,0.5349123615658724,0.4969516841944821,0.49595327238444353
26,2017,TBR,0.49382716049382713,4.283950617283951,4.345679012345679,0.4934551978185334,0.5082685566224656,0.5102878068183416
27,2017,TEX,0.48148148148148145,4.932098765432099,5.037037037037037,0.49036925657477504,0.5033150434384998,0.5007884502723767
28,2017,TOR,0.4691358024691358,4.277777777777778,4.839506172839506,0.44379267439098835,0.5099832342630691,0.5149356400931319
29,2017,WSN,0.5987654320987654,5.055555555555555,4.148148148148148,0.589529599670679,0.474317939338515,0.47675803317225224
0,2018,ARI,0.5061728395061729,4.277777777777778,3.9753086419753085,0.5334988002328822,0.5055768770976223,0.5050001358164137
1,2018,ATL,0.5555555555555556,4.685185185185185,4.055555555555555,0.5656442624253728,0.4938276236710273,0.49188567268464006
2,2018,BAL,0.29012345679012347,3.8395061728395063,5.506172839506172,0.340792930295549,0.5278606124464054,0.5221156429878621
3,2018,BOS,0.6666666666666666,5.407407407407407,3.993827160493827,0.6351850714195733,0.4840940869300141,0.4870235959179711
4,2018,CHC,0.5828220858895705,4.697530864197531,3.9814814814814814,0.5750904390333869,0.49742174952244633,0.497485908510053
5,2018,CHW,0.38271604938271603,4.049382716049383,5.234567901234568,0.3846642164319071,0.49118935617282994,0.49654348123624614
6,2018,CIN,0.41358024691358025,4.296296296296297,5.055555555555555,0.42609440241124846,0.5161123202213991,0.5143096685472753
7,2018,CLE,0.5617283950617284,5.049382716049383,4.0,0.6049989027526039,0.468481970497871,0.468479619780649
8,2018,COL,0.558282208588957,4.814814814814815,4.598765432098766,0.5209913425534081,0.5036006611510417,0.508981005983477
9,2018,DET,0.3950617283950617,3.888888888888889,4.91358024691358,0.39460419549935505,0.48818616602316345,0.4928691482062241
10,2018,HOU,0.6358024691358025,4.919753086419753,3.2962962962962963,0.6754281105398032,0.49798329597743823,0.4937160176323705
11,2018,KCR,0.35802469135802467,3.9382716049382718,5.1419753086419755,0.3803524545147042,0.49323364029233413,0.49568901080562117
12,2018,LAA,0.49382716049382713,4.450617283950617,4.45679012345679,0.49936590460433666,0.5132746672800695,0.5135129464236965
13,2018,LAD,0.5644171779141104,4.962962962962963,3.765432098765432,0.6237126701150488,0.5011825799629841,0.4955427775365291
14,2018,MIA,0.391304347826087,3.6358024691358026,4.993827160493828,0.35875035134765104,0.509053800241738,0.5122520552287012
15,2018,MIL,0.588957055214724,4.654320987654321,4.067901234567901,0.5613010469085081,0.4991579336856042,0.5009969391834097
16,2018,MIN,0.48148148148148145,4.555555555555555,4.783950617283951,0.47763439872445035,0.4804814456063015,0.48565382430934095
17,2018,NYM,0.47530864197530864,4.172839506172839,4.364197530864198,0.47949830393098614,0.5016576386025244,0.500563552602281
18,2018,NYY,0.6172839506172839,5.253086419753086,4.12962962962963,0.608342274343906,0.48737102642094543,0.4885873733245016
19,2018,OAK,0.5987654320987654,5.018518518518518,4.160493827160494,0.5849498662045346,0.4982878937914405,0.49976100907494825
20,2018,PHI,0.49382716049382713,4.179012345679013,4.493827160493828,0.46682070813220855,0.4967653722545283,0.49950456275820393
21,2018,PIT,0.5093167701863354,4.271604938271605,4.277777777777778,0.4993393504501644,0.49957919988336824,0.4995162357438417
22,2018,SDP,0.4074074074074074,3.808641975308642,4.734567901234568,0.40173514410556727,0.5143788889860539,0.5163969842232753
23,2018,SEA,0.5493827160493827,4.179012345679013,4.388888888888889,0.47759698076607027,0.5072000097246879,0.5148946562547492
24,2018,SFG,0.4506172839506173,3.7222222222222223,4.314814814814815,0.43282058627245806,0.5130069131070216,0.5156994315689895
25,2018,STL,0.5432098765432098,4.685185185185185,4.265432098765432,0.542836574569076,0.4982053858151952,0.4971783022786501
26,2018,TBR,0.5555555555555556,4.419753086419753,3.9876543209876543,0.5469293629281835,0.4957456114192555,0.49560983452568336
27,2018,TEX,0.41358024691358025,4.549382716049383,5.234567901234568,0.43616630895798114,0.520350079433873,0.5182660866911853
28,2018,TOR,0.4506172839506173,4.3765432098765435,5.135802469135802,0.427328857887142,0.5087705347143524,0.5102195729999587
29,2018,WSN,0.5061728395061729,4.7592592592592595,4.209876543209877,0.5558819262195488,0.4941354985726209,0.4888846781409291
0,2019,ARI,0.5246913580246914,5.018518518518518,4.58641975308642,0.5410981092098548,0.5032007315957928,0.5001184462096724
1,2019,ATL,0.5987654320987654,5.277777777777778,4.58641975308642,0.5638844015224265,0.48888193077672365,0.49328804617393873
2,2019,BAL,0.3333333333333333,4.5,6.055555555555555,0.36741451844936945,0.516031348425336,0.5155330471673212
3,2019,BOS,0.5185185185185185,5.561728395061729,5.111111111111111,0.5385783085442879,0.4917380701510238,0.4922056739331295
4,2019,CHC,0.5185185185185185,5.0246913580246915,4.425925925925926,0.5577902507046991,0.5035356203275325,0.4994084969646766
5,2019,CHW,0.4472049689440994,4.37037037037037,5.135802469135802,0.42669688699500813,0.48758781658226946,0.4912567897506162
6,2019,CIN,0.46296296296296297,4.327160493827161,4.388888888888889,0.4935200845027688,0.5122313671696382,0.5092699285823805
7,2019,CLE,0.5740740740740741,4.746913580246914,4.055555555555555,0.5715198297127254,0.4715380078593529,0.4730126027895248
8,2019,COL,0.4382716049382716,5.154320987654321,5.91358024691358,0.43746137622852876,0.5166133211400696,0.5164350307329649
9,2019,DET,0.2919254658385093,3.5925925925925926,5.648148148148148,0.3040702163516811,0.5008020762628023,0.5000203768550311
10,2019,HOU,0.6604938271604939,5.679012345679013,3.950617283950617,0.6601846200913163,0.48602247801567844,0.4851725963820184
11,2019,KCR,0.36419753086419754,4.265432098765432,5.364197530864198,0.39665027235216377,0.5002683843263547,0.496416836540077
12,2019,LAA,0.4444444444444444,4.746913580246914,5.3580246913580245,0.44482205365581173,0.5147798349176049,0.5151413095798563
13,2019,LAD,0.654320987654321,5.469135802469136,3.7839506172839505,0.6624170728678764,0.48807346441091254,0.4867669979692314
14,2019,MIA,0.35185185185185186,3.7962962962962963,4.987654320987654,0.3776629215172612,0.5248901612293986,0.5207884645684506
15,2019,MIL,0.5493827160493827,4.746913580246914,4.728395061728395,0.5017882682675076,0.5047248894985515,0.5109545964612492
16,2019,MIN,0.6234567901234568,5.796296296296297,4.654320987654321,0.599058636608029,0.46928987495278374,0.4712287999404289
17,2019,NYM,0.5308641975308642,4.882716049382716,4.549382716049383,0.5323047956156277,0.5061430190254661,0.5047565968793721
18,2019,NYY,0.6358024691358025,5.820987654320987,4.561728395061729,0.609710647293766,0.4806768018433786,0.48721195017707297
19,2019,OAK,0.5987654320987654,5.216049382716049,4.197530864197531,0.5981003713374518,0.49153051013848953,0.4910308937255943
20,2019,PHI,0.5,4.777777777777778,4.901234567901234,0.4883305681292788,0.5042108412120931,0.5053057108930263
21,2019,PIT,0.42592592592592593,4.679012345679013,5.6234567901234565,0.4166689344645135,0.5107898072650259,0.5128118449476837
22,2019,SDP,0.43209876543209874,4.209876543209877,4.87037037037037,0.43371788719873094,0.5112787684804141,0.5111604842820461
23,2019,SEA,0.41975308641975306,4.679012345679013,5.512345679012346,0.42557145470559826,0.5114588747170599,0.511289276869143
24,2019,SFG,0.47530864197530864,4.185185185185185,4.771604938271605,0.4402934672781474,0.5108215211095865,0.5147367947408268
25,2019,STL,0.5617283950617284,4.716049382716049,4.08641975308642,0.5651876120605868,0.4972565157750338,0.4987196444751461
26,2019,TBR,0.5925925925925926,4.746913580246914,4.049382716049383,0.5722023123705239,0.4843177405353103,0.49067059522059786
27,2019,TEX,0.48148148148148145,5.0,5.419753086419753,0.46318658963484827,0.506511278295139,0.5091790784815557
28,2019,TOR,0.41358024691358025,4.481481481481482,5.111111111111111,0.4401440286612767,0.5070939610213179,0.5061295570528482
29,2019,WSN,0.5740740740740741,5.388888888888889,4.469135802469136,0.5847913177412034,0.4915281434336717,0.4902964376820241
0,2020,ARI,0.4166666666666667,1.6604938271604939,1.8209876543209877,0.4578892242546643,0.5319444444444442,0.5292104030404663
1,2020,ATL,0.5833333333333334,2.1481481481481484,1.7777777777777777,0.5857231722774056,0.4769444444444442,0.48105390842560886
2,2020,BAL,0.4166666666666667,1.691358024691358,1.8148148148148149,0.46781293735587853,0.5174999999999997,0.5088059927555967
3,2020,BOS,0.4,1.8024691358024691,2.1666666666666665,0.41659202763316816,0.5269444444444442,0.5232197047983362
4,2020,CHC,0.5666666666666667,1.6358024691358024,1.4814814814814814,0.5452102688437729,0.4815900383141761,0.487393655827667
5,2020,CHW,0.5833333333333334,1.8888888888888888,1.5185185185185186,0.5985444624927413,0.49723180076628337,0.4988308958978919
6,2020,CIN,0.5166666666666667,1.5,1.5,0.5,0.48058429118773927,0.4844978733037732
7,2020,CLE,0.5833333333333334,1.5308641975308641,1.2901234567901234,0.5776424685232306,0.4894540229885056,0.49673766686484017
8,2020,COL,0.43333333333333335,1.6975308641975309,2.1790123456790123,0.3877107011452691,0.5252777777777775,0.5357827691989557
9,2020,DET,0.39655172413793105,1.537037037037037,1.962962962962963,0.3899279158689542,0.5119636015325669,0.5166040108136902
10,2020,HOU,0.48333333333333334,1.7222222222222223,1.6975308641975309,0.5066062285462629,0.4816666666666664,0.4772949519651396
11,2020,KCR,0.43333333333333335,1.5308641975308641,1.6790123456790123,0.45783955490904316,0.5244827586206895,0.5246425623856397
12,2020,LAA,0.43333333333333335,1.8148148148148149,1.9814814814814814,0.45988980401115787,0.5041666666666664,0.49839047726687824
13,2020,LAD,0.7166666666666667,2.154320987654321,1.3148148148148149,0.7116922203627613,0.4788888888888887,0.48454361378087946
14,2020,MIA,0.5166666666666667,1.623456790123457,1.876543209876543,0.4341058091026652,0.49694444444444424,0.5120375026407632
15,2020,MIL,0.48333333333333334,1.5246913580246915,1.6296296296296295,0.46958604371395385,0.49569923371647495,0.49934202028418284
16,2020,MIN,0.6,1.6604938271604939,1.3271604938271604,0.601100882880519,0.49085249042145573,0.4954880357631556
17,2020,NYM,0.43333333333333335,1.7654320987654322,1.9012345679012346,0.46614747185153765,0.5027777777777777,0.5038143023057685
18,2020,NYY,0.55,1.9444444444444444,1.6666666666666667,0.5700599484585009,0.49694444444444424,0.49365586131325184
19,2020,OAK,0.6,1.691358024691358,1.4320987654320987,0.5755409983849042,0.46055555555555533,0.4638348346471902
20,2020,PHI,0.4666666666666667,1.8888888888888888,1.9197530864197532,0.49258547038042133,0.49861111111111095,0.4968641293590418
21,2020,PIT,0.31666666666666665,1.3518518518518519,1.8395061728395061,0.36269644986164407,0.5260344827586205,0.5195035813252293
22,2020,SDP,0.6166666666666667,2.006172839506173,1.4876543209876543,0.6334907632098253,0.4941666666666665,0.49368521088291517
23,2020,SEA,0.45,1.5679012345679013,1.8703703703703705,0.41999124670369165,0.49805555555555536,0.5024335215796912
24,2020,SFG,0.48333333333333334,1.845679012345679,1.8333333333333333,0.5030704427271803,0.5252777777777775,0.5243178626965787
25,2020,STL,0.5172413793103449,1.4814814814814814,1.4135802469135803,0.5214513148970094,0.4687739463601531,0.47057975183259765
26,2020,TBR,0.6666666666666666,1.7839506172839505,1.4135802469135803,0.6048821504556401,0.4811111111111109,0.4861682952964598
27,2020,TEX,0.36666666666666664,1.382716049382716,1.9259259259259258,0.3528845977539723,0.4999999999999998,0.4992725820409926
28,2020,TOR,0.5333333333333333,1.8641975308641976,1.9259259259259258,0.48510081425270385,0.49972222222222207,0.5065288783412579
29,2020,WSN,0.43333333333333335,1.808641975308642,1.8580246913580247,0.4876785175908981,0.5024999999999998,0.49853974412273233
0,2021,ARI,0.32098765432098764,4.191358024691358,5.512345679012346,0.3772218735790169,0.5245983465253455,0.5262090295344292
1,2021,ATL,0.546583850931677,4.8765432098765435,4.049382716049383,0.5842259989221426,0.4776237526282253,0.4860152244511035
2,2021,BAL,0.32098765432098764,4.067901234567901,5.901234567901234,0.33607766175192116,0.5298978719536954,0.5284573577870986
3,2021,BOS,0.5679012345679012,5.117283950617284,4.6234567901234565,0.5462946600120997,0.5041223264519019,0.5062190163048479
4,2021,CHC,0.4382716049382716,4.351851851851852,5.179012345679013,0.42105509787964285,0.5024990036172712,0.5032213945938236
5,2021,CHW,0.5740740740740741,4.91358024691358,3.925925925925926,0.6012444790269948,0.4891022709952746,0.4805283037721858
6,2021,CIN,0.5123456790123457,4.851851851851852,4.691358024691358,0.5153846913733362,0.4911234369098024,0.48949045793732326
7,2021,CLE,0.49382716049382713,4.425925925925926,4.487654320987654,0.49366367283204976,0.5015622618503272,0.4958360831899097
8,2021,COL,0.45962732919254656,4.561728395061729,4.91358024691358,0.4660594468442684,0.5040877725615599,0.5122793970208399
9,2021,DET,0.47530864197530864,4.302469135802469,4.666666666666667,0.46289374268646366,0.5002286236854132,0.4960755971326937
10,2021,HOU,0.5864197530864198,5.327160493827161,4.061728395061729,0.6215926844772082,0.4973646741852141,0.487604362876971
11,2021,KCR,0.4567901234567901,4.234567901234568,4.864197530864198,0.43691905436543016,0.5059823197683275,0.5021602848877489
12,2021,LAA,0.47530864197530864,4.462962962962963,4.962962962962963,0.4515703628487574,0.5151036001367004,0.5122978129082253
13,2021,LAD,0.654320987654321,5.1234567901234565,3.462962962962963,0.6719063258767934,0.484644582470669,0.49130983441568166
14,2021,MIA,0.41358024691358025,3.845679012345679,4.327160493827161,0.4462412731389283,0.49768110261937365,0.507068025200086
15,2021,MIL,0.5864197530864198,4.555555555555555,3.845679012345679,0.5768845458637185,0.48180524670057634,0.48081855537068136
16,2021,MIN,0.4506172839506173,4.5,5.148148148148148,0.4387481451432979,0.5072397500381034,0.5030735365938452
17,2021,NYM,0.47530864197530864,3.925925925925926,4.1234567901234565,0.47755659476688156,0.4893157477698536,0.500509543028988
18,2021,NYY,0.5679012345679012,4.388888888888889,4.12962962962963,0.5278276434654368,0.5030173119724018,0.5070885439071448
19,2021,OAK,0.5308641975308642,4.58641975308642,4.2407407407407405,0.5357891916275027,0.5066445237763895,0.5001350467254664
20,2021,PHI,0.5061728395061729,4.530864197530864,4.598765432098766,0.49319502089347167,0.4860769122264913,0.49924873416583765
21,2021,PIT,0.3765432098765432,3.759259259259259,5.1419753086419755,0.3605024273652805,0.5074906207488059,0.5074536417964112
22,2021,SDP,0.4876543209876543,4.5,4.37037037037037,0.5133693719709521,0.5047634667870841,0.5120046812565746
23,2021,SEA,0.5555555555555556,4.302469135802469,4.617283950617284,0.467737350520127,0.49793623339874854,0.5030304107535623
24,2021,SFG,0.6604938271604939,4.962962962962963,3.6666666666666665,0.6350579100092171,0.48224403377382397,0.4948387070527174
25,2021,STL,0.5555555555555556,4.3580246913580245,4.148148148148148,0.5225654412095547,0.48498870135119865,0.4869708741748231
26,2021,TBR,0.6172839506172839,5.290123456790123,4.018518518518518,0.6231919676384517,0.4953375915086413,0.4946029389258618
27,2021,TEX,0.37037037037037035,3.8580246913580245,5.030864197530864,0.3808955687659955,0.5212527725946937,0.5139062116463013
28,2021,TOR,0.5617283950617284,5.222222222222222,4.092592592592593,0.6097001992517078,0.5042401883518357,0.4994716367376295
29,2021,WSN,0.4012345679012346,4.469135802469136,5.061728395061729,0.4432805185822881,0.49585211313606314,0.5042444350477246
0,2022,ARI,0.4567901234567901,4.333333333333333,4.567901234567901,0.47590075980712004,0.5120408474317935,0.5107902312244447
1,2022,ATL,0.6234567901234568,4.87037037037037,3.759259259259259,0.6163004910443546,0.4856729157140675,0.4869764746334664
2,2022,BAL,0.5123456790123457,4.160493827160494,4.246913580246914,0.4905954916628726,0.5070492303002586,0.5112946641893338
3,2022,BOS,0.48148148148148145,4.537037037037037,4.8580246913580245,0.4687670486565465,0.51733729614388,0.5206224032287853
4,2022,CHC,0.4567901234567901,4.055555555555555,4.512345679012346,0.4513259168408482,0.49603718945282677,0.49544323936607226
5,2022,CHW,0.5,4.234567901234568,4.425925925925926,0.4797903340722129,0.48967383020880906,0.4902514564447443
6,2022,CIN,0.38271604938271603,4.0,5.030864197530864,0.39660905492431864,0.5051821368693791,0.502603863544982
7,2022,CLE,0.5679012345679012,4.308641975308642,3.9135802469135803,0.5438846315322664,0.48106233805822235,0.4818935154215011
8,2022,COL,0.41975308641975306,4.308641975308642,5.388888888888889,0.3990557326372277,0.5139460448102418,0.5185465373598918
9,2022,DET,0.4074074074074074,3.4382716049382718,4.401234567901234,0.3889194311020988,0.4996951684194477,0.4994351013857848
10,2022,HOU,0.654320987654321,4.549382716049383,3.197530864197531,0.6559462939914376,0.4790047248894981,0.48478289002105174
11,2022,KCR,0.4012345679012346,3.950617283950617,5.0,0.3938670560014272,0.506477671086724,0.5057368696556728
12,2022,LAA,0.4506172839506173,3.845679012345679,4.1234567901234565,0.4681364325807614,0.5083066605700344,0.5124140088920089
13,2022,LAD,0.6851851851851852,5.228395061728395,3.1666666666666665,0.714554361440871,0.4825102880658431,0.48068792936544663
14,2022,MIA,0.42592592592592593,3.617283950617284,4.172839506172839,0.435005305263599,0.5119265355890865,0.5121264117167327
15,2022,MIL,0.5308641975308642,4.4753086419753085,4.246913580246914,0.5239468037934859,0.48578722755677434,0.48683468295799975
16,2022,MIN,0.48148148148148145,4.296296296296297,4.222222222222222,0.5079560507113081,0.49611339734796467,0.49122698397489584
17,2022,NYM,0.6234567901234568,4.765432098765432,3.740740740740741,0.6089858661919584,0.4919219631153783,0.49573615879112704
18,2022,NYY,0.6111111111111112,4.981481481481482,3.5,0.6560915360582594,0.50182898948331,0.497859512308925
19,2022,OAK,0.37037037037037035,3.506172839506173,4.753086419753086,0.3642853185350685,0.5141746684956554,0.5208182877643428
20,2022,PHI,0.5370370370370371,4.611111111111111,4.228395061728395,0.5395578575500732,0.499390336838896,0.5001809882825262
21,2022,PIT,0.38271604938271603,3.6481481481481484,5.04320987654321,0.3560393801636713,0.5016384697454651,0.5040404006492069
22,2022,SDP,0.5493827160493827,4.351851851851852,4.074074074074074,0.5301391870751112,0.5012955342173444,0.504205403647739
23,2022,SEA,0.5555555555555556,4.2592592592592595,3.845679012345679,0.5465957767002827,0.4913504039018437,0.4976520774638336
24,2022,SFG,0.5,4.419753086419753,4.302469135802469,0.5123018677731105,0.5035055631763445,0.5027591179885093
25,2022,STL,0.5740740740740741,4.765432098765432,3.932098765432099,0.5870426744707236,0.47923334857491184,0.47695484542314615
26,2022,TBR,0.5308641975308642,4.111111111111111,3.7901234567901234,0.5371239000272194,0.5059061118731896,0.5070714211120998
27,2022,TEX,0.41975308641975306,4.364197530864198,4.58641975308642,0.47729371759544853,0.5051440329218102,0.503937770603773
28,2022,TOR,0.5679012345679012,4.783950617283951,4.191358024691358,0.560207119163598,0.5061728395061724,0.5086330665586739
29,2022,WSN,0.3395061728395062,3.7222222222222223,5.277777777777778,0.34547099355480504,0.5206142356348112,0.5201800769453551
0,2023,ARI,0.5185185185185185,4.604938271604938,4.697530864197531,0.4908932080847504,0.5007372285507904,0.5031758997037399
1,2023,ATL,0.6419753086419753,5.845679012345679,4.419753086419753,0.6252055269618678,0.4952277764050886,0.4924059970856931
2,2023,BAL,0.6234567901234568,4.981481481481482,4.185185185185185,0.5790178265076038,0.4977116331115254,0.5005034901772025
3,2023,BOS,0.48148148148148145,4.765432098765432,4.790123456790123,0.49763567127503766,0.511467158183923,0.5102915028460668
4,2023,CHC,0.5123456790123457,5.055555555555555,4.462962962962963,0.5567926025277508,0.500414883354586,0.49427136190553245
5,2023,CHW,0.3765432098765432,3.95679012345679,5.191358024691358,0.3782556203757855,0.4950443567816975,0.4995640879366229
6,2023,CIN,0.5061728395061729,4.833333333333333,5.067901234567901,0.4783324645043755,0.5009864425681205,0.50015660287859
7,2023,CLE,0.4691358024691358,4.08641975308642,4.302469135802469,0.47644711057802414,0.4890620370133696,0.49241170156867003
8,2023,COL,0.36419753086419754,4.450617283950617,5.907407407407407,0.3732754326478164,0.5138854571669024,0.5123719081617853
9,2023,DET,0.48148148148148145,4.080246913580247,4.567901234567901,0.44853285873603604,0.48677580015923155,0.4933004393635456
10,2023,HOU,0.5555555555555556,5.104938271604938,4.308641975308642,0.5769686478855739,0.488490477799835,0.49149862973055025
11,2023,KCR,0.345679012345679,4.172839506172839,5.302469135802469,0.39211661064175574,0.49866423180074954,0.49944702666060853
12,2023,LAA,0.4506172839506173,4.561728395061729,5.117283950617284,0.447616011382168,0.4987023357483185,0.5035271585452816
13,2023,LAD,0.6172839506172839,5.592592592592593,4.314814814814815,0.6164911031785457,0.4923368464699646,0.4920821142672142
14,2023,MIA,0.5217391304347826,4.1234567901234565,4.462962962962963,0.4638652274145957,0.5049525665020382,0.5048759397645275
15,2023,MIL,0.5679012345679012,4.493827160493828,3.993827160493827,0.5537557356842684,0.49629894700569194,0.495135418679518
16,2023,MIN,0.5370370370370371,4.802469135802469,4.067901234567901,0.5753676448815706,0.48349886066830033,0.48493766768678986
17,2023,NYM,0.45962732919254656,4.425925925925926,4.512345679012346,0.4911539623768621,0.5103559902718962,0.5027859940663736
18,2023,NYY,0.5061728395061729,4.154320987654321,4.308641975308642,0.4833194412224259,0.5098462020541101,0.5118631840007379
19,2023,OAK,0.30864197530864196,3.611111111111111,5.703703703703703,0.30227382580817824,0.5101716239665779,0.5148443998317808
20,2023,PHI,0.5555555555555556,4.91358024691358,4.41358024691358,0.5489401682211753,0.5022007988102096,0.4983021200431463
21,2023,PIT,0.4691358024691358,4.271604938271605,4.8765432098765435,0.43970041560882783,0.5053882768590224,0.504289721636287
22,2023,SDP,0.5061728395061729,4.6419753086419755,4.0,0.5676789382157019,0.5031583675795516,0.4981215264262073
23,2023,SEA,0.5432098765432098,4.679012345679013,4.067901234567901,0.563683869222833,0.4906624028112661,0.49470247272069956
24,2023,SFG,0.4876543209876543,4.160493827160494,4.438271604938271,0.4704656263022777,0.501308787764325,0.5022952786578596
25,2023,STL,0.4382716049382716,4.438271604938271,5.117283950617284,0.4352367208973818,0.5062059733736237,0.5038163342532992
26,2023,TBR,0.6111111111111112,5.308641975308642,4.104938271604938,0.6155200759442809,0.49837928054066855,0.49763979575353645
27,2023,TEX,0.5555555555555556,5.438271604938271,4.419753086419753,0.5937526842456564,0.49043377912585234,0.4917914353769863
28,2023,TOR,0.5493827160493827,4.604938271604938,4.1419753086419755,0.548323772951716,0.5057134621010088,0.5060446229573164
29,2023,WSN,0.4382716049382716,4.320987654320987,5.216049382716049,0.4147146009158526,0.5118029935975896,0.5088795725145118
