,Unnamed: 0,Season,Team,W%,RS/G,RA/G,skill,oppW%,schedulerank,Division
0,0,2004,ANA,0.5679012345679012,5.160493827160494,4.530864197530864,0.5592500149096977,0.5007765158507684,0.5007302840818151,AL West
1,1,2004,ARI,0.3148148148148148,3.796296296296296,5.549382716049383,0.3329707603822985,0.5131356850805764,0.5113099402489554,NL West
2,2,2004,ATL,0.5925925925925926,4.95679012345679,4.1234567901234565,0.5834231474521365,0.4867847936375397,0.4911493020860908,NL East
3,3,2004,BAL,0.4814814814814814,5.197530864197531,5.1234567901234565,0.5065667208064435,0.5056457743432153,0.4996048957060791,AL East
4,4,2004,BOS,0.6049382716049383,5.8580246913580245,4.7407407407407405,0.5956236224585113,0.4976439453537319,0.4949218296121984,AL East
5,5,2004,CHC,0.5493827160493827,4.87037037037037,4.104938271604938,0.5775910282994942,0.5064061966012222,0.4989107248769133,NL Central
6,6,2004,CHW,0.5123456790123457,5.339506172839506,5.12962962962963,0.5183373901289109,0.4930849618629181,0.4984427481338812,AL Central
7,7,2004,CIN,0.4691358024691358,4.62962962962963,5.598765432098766,0.4139095358685287,0.5121165819859679,0.5134688031873444,NL Central
8,8,2004,CLE,0.4938271604938271,5.296296296296297,5.290123456790123,0.5005335275547658,0.4905701013233662,0.4943252986048917,AL Central
9,9,2004,COL,0.419753086419753,5.141975308641976,5.697530864197531,0.4531999112149799,0.5036383353166316,0.4999192964236008,NL West
10,10,2004,DET,0.4444444444444444,5.104938271604938,5.209876543209877,0.4906919571802293,0.4959269010083104,0.4968648399665726,AL Central
11,11,2004,FLA,0.5123456790123457,4.432098765432099,4.320987654320987,0.511613485419419,0.4941239452779974,0.4961595467924146,NL East
12,12,2004,HOU,0.5679012345679012,4.95679012345679,4.308641975308642,0.563762973364124,0.5007814859308861,0.497795185835495,NL Central
13,13,2004,KCR,0.3580246913580246,4.444444444444445,5.58641975308642,0.396877842095559,0.5101512703051436,0.5109381528949558,AL Central
14,14,2004,LAD,0.5740740740740741,4.697530864197531,4.222222222222222,0.5486496116975217,0.4885089380974151,0.4908982738947063,NL West
15,15,2004,MIL,0.4161490683229814,3.91358024691358,4.672839506172839,0.4195830688297598,0.5141384579119412,0.5092749059180429,NL Central
16,16,2004,MIN,0.5679012345679012,4.814814814814815,4.41358024691358,0.539723809127613,0.4719519445320121,0.4826621737172717,AL Central
17,17,2004,MON,0.4135802469135802,3.919753086419753,4.746913580246914,0.4132896140486622,0.5032646326258775,0.5064090411888692,NL East
18,18,2004,NYM,0.4382716049382716,4.222222222222222,4.512345679012346,0.4696340060333612,0.5071323016393687,0.5033952716600948,NL East
19,19,2004,NYY,0.6234567901234568,5.537037037037037,4.987654320987654,0.5476607712989611,0.4864413847684554,0.4934430684818486,AL East
20,20,2004,OAK,0.5617283950617284,4.895061728395062,4.580246913580247,0.5303743974736311,0.5013336381649134,0.5027826123466064,AL West
21,21,2004,PHI,0.5308641975308642,5.185185185185185,4.820987654320987,0.5332690062592736,0.493567296304816,0.4966008494531917,NL East
22,22,2004,PIT,0.4472049689440994,4.197530864197531,4.592592592592593,0.4589413465509245,0.5095065799127345,0.5038286344526046,NL Central
23,23,2004,SDP,0.5370370370370371,4.7407407407407405,4.351851851851852,0.5390784449971572,0.4838337494000399,0.4843209425594291,NL West
24,24,2004,SEA,0.3888888888888889,4.308641975308642,5.080246913580247,0.4251984403434899,0.5210478159574594,0.5153242479988964,AL West
25,25,2004,SFG,0.5617283950617284,5.246913580246914,4.753086419753086,0.5450990646450391,0.4868439612579884,0.4885830204947801,NL West
26,26,2004,STL,0.6481481481481481,5.277777777777778,4.067901234567901,0.6169190803963985,0.4888613404448075,0.4886992081502489,NL Central
27,27,2004,TBD,0.4347826086956521,4.407407407407407,5.197530864197531,0.4251269007857692,0.5079443180624068,0.5055587504462136,AL East
28,28,2004,TEX,0.5493827160493827,5.308641975308642,4.901234567901234,0.5364660221616483,0.5024005486968446,0.5015000094448406,AL West
29,29,2004,TOR,0.4161490683229814,4.438271604938271,5.080246913580247,0.4385069925364171,0.5100909193322859,0.5032965720278924,AL East
30,0,2005,ARI,0.4753086419753086,4.296296296296297,5.283950617283951,0.4064489448715097,0.4843773814967226,0.4853015941659746,NL West
31,1,2005,ATL,0.5555555555555556,4.746913580246914,4.160493827160494,0.5600353123666509,0.5021719250114307,0.5015446624901915,NL East
32,2,2005,BAL,0.4567901234567901,4.5,4.938271604938271,0.4575830638460848,0.5084209724127418,0.5127943111868689,AL East
33,3,2005,BOS,0.5864197530864198,5.617283950617284,4.969135802469136,0.5558564482609933,0.4988187776253616,0.5045891256714612,AL East
34,4,2005,CHC,0.4876543209876543,4.339506172839506,4.407407407407407,0.4928973005500636,0.5072778539856726,0.5067307433378205,NL Central
35,5,2005,CHW,0.6111111111111112,4.574074074074074,3.9814814814814814,0.5631394039372581,0.4864349946654469,0.4968187134076288,AL Central
36,6,2005,CIN,0.4506172839506173,5.061728395061729,5.487654320987654,0.4631044371101563,0.5099451303155004,0.5117514285163413,NL Central
37,7,2005,CLE,0.5740740740740741,4.876543209876544,3.962962962962963,0.5937823394038642,0.4862063709800332,0.4878926322813524,AL Central
38,8,2005,COL,0.4135802469135802,4.574074074074074,5.320987654320987,0.4312394534933454,0.4897881420515162,0.4813749539339759,NL West
39,9,2005,DET,0.4382716049382716,4.462962962962963,4.8580246913580245,0.4612730179983347,0.5051440329218103,0.504139649251822,AL Central
40,10,2005,FLA,0.5123456790123457,4.425925925925926,4.518518518518518,0.4905287450020629,0.5024386526444135,0.5048975188850651,NL East
41,11,2005,HOU,0.5493827160493827,4.277777777777778,3.759259259259259,0.558840464295832,0.4927221460143267,0.4971684703017884,NL Central
42,12,2005,KCR,0.345679012345679,4.327160493827161,5.771604938271605,0.3711910195447218,0.5161560737692422,0.5188922561189496,AL Central
43,13,2005,LAA,0.5864197530864198,4.697530864197531,3.969135802469136,0.5764786061451173,0.4975232434080167,0.506326670949277,AL West
44,14,2005,LAD,0.4382716049382716,4.228395061728395,4.660493827160494,0.4556029843066069,0.4901691815272058,0.4801646387677234,NL West
45,15,2005,MIL,0.5,4.481481481481482,4.302469135802469,0.5186411622530971,0.4995808565767411,0.5003741540158153,NL Central
46,16,2005,MIN,0.5123456790123457,4.246913580246914,4.08641975308642,0.517617105828138,0.4976375552507234,0.5025704256785944,AL Central
47,17,2005,NYM,0.5123456790123457,4.45679012345679,4.0,0.549310699732683,0.5113168724279831,0.5059528231531742,NL East
48,18,2005,NYY,0.5864197530864198,5.469135802469136,4.87037037037037,0.552849269321403,0.4974851394604478,0.505702362343248,AL East
49,19,2005,OAK,0.5432098765432098,4.765432098765432,4.061728395061729,0.5725827838074404,0.5064776710867241,0.5103953559277534,AL West
50,20,2005,PHI,0.5432098765432098,4.981481481481482,4.481481481481482,0.5482409173534293,0.5014860539551893,0.5010366082016736,NL East
51,21,2005,PIT,0.4135802469135802,4.197530864197531,4.746913580246914,0.4439647180535767,0.5062490474013104,0.504815001177475,NL Central
52,22,2005,SDP,0.5061728395061729,4.222222222222222,4.481481481481482,0.4727636029807165,0.4819768327998777,0.4792884750277519,NL West
53,23,2005,SEA,0.4259259259259259,4.314814814814815,4.635802469135802,0.4672192178082043,0.5162322816643801,0.5199346961060334,AL West
54,24,2005,SFG,0.4629629629629629,4.006172839506172,4.598765432098766,0.4372202556622937,0.485177564395671,0.4831154669458631,NL West
55,25,2005,STL,0.6172839506172839,4.969135802469136,3.91358024691358,0.6075419994172395,0.4844916933394296,0.4883443035404906,NL Central
56,26,2005,TBD,0.4135802469135802,4.62962962962963,5.777777777777778,0.400010261029002,0.5175659198292941,0.5213646103521835,AL East
57,27,2005,TEX,0.4876543209876543,5.339506172839506,5.296296296296297,0.5037173054139036,0.5110120408474313,0.5172584498108728,AL West
58,28,2005,TOR,0.4938271604938271,4.783950617283951,4.351851851851852,0.5432013515017651,0.5034674592287758,0.5009473481643038,AL East
59,29,2005,WSN,0.5,3.9444444444444446,4.154320987654321,0.4763005716476998,0.5084209724127415,0.5140036150922396,NL East
60,0,2006,ARI,0.4691358024691358,4.771604938271605,4.864197530864198,0.4912081948801428,0.496973694549289,0.4991020180865778,NL West
61,1,2006,ATL,0.4876543209876543,5.2407407407407405,4.969135802469136,0.5243275115743549,0.4965476876820583,0.4938059093275498,NL East
62,2,2006,BAL,0.4320987654320987,4.7407407407407405,5.549382716049383,0.4284414737523953,0.5143270842859317,0.5108182868146963,AL East
63,3,2006,BOS,0.5308641975308642,5.061728395061729,5.092592592592593,0.4972188651022884,0.5012193263222066,0.5018102064308709,AL East
64,4,2006,CHC,0.4074074074074074,4.419753086419753,5.148148148148148,0.430656679799081,0.4964040286996088,0.4953628865583016,NL Central
65,5,2006,CHW,0.5555555555555556,5.3580246913580245,4.901234567901234,0.5406769284753651,0.5037550138641566,0.5085161347072145,AL Central
66,6,2006,CIN,0.4938271604938271,4.6234567901234565,4.944444444444445,0.4693302540587299,0.4794252883356475,0.4855907815946971,NL Central
67,7,2006,CLE,0.4814814814814814,5.37037037037037,4.827160493827161,0.5486328583840651,0.5151480941872779,0.507773212510885,AL Central
68,8,2006,COL,0.4691358024691358,5.018518518518518,5.012345679012346,0.5005630767561201,0.4993193356943577,0.4995596648544503,NL West
69,9,2006,DET,0.5864197530864198,5.074074074074074,4.166666666666667,0.589176156612734,0.5017736085905702,0.5032343662779774,AL Central
70,10,2006,FLA,0.4814814814814814,4.679012345679013,4.765432098765432,0.4916279998223316,0.4951579586129591,0.4958123353558057,NL East
71,11,2006,HOU,0.5061728395061729,4.537037037037037,4.438271604938271,0.5100678212551583,0.481865597673434,0.4843916679121729,NL Central
72,12,2006,KCR,0.382716049382716,4.672839506172839,5.993827160493828,0.3880295066234652,0.5309439554832287,0.5288872511167256,AL Central
73,13,2006,LAA,0.5493827160493827,4.728395061728395,4.518518518518518,0.520759316884271,0.5075223345933665,0.5080480906574025,AL West
74,14,2006,LAD,0.5432098765432098,5.061728395061729,4.635802469135802,0.5401271657406178,0.4914867260993576,0.4947039046645995,NL West
75,15,2006,MIL,0.4629629629629629,4.506172839506172,5.141975308641976,0.43990686023576,0.4868730717272491,0.4907352283194009,NL Central
76,16,2006,MIN,0.5925925925925926,4.944444444444445,4.216049382716049,0.5723975699378867,0.4993903368388961,0.503303409818052,AL Central
77,17,2006,NYM,0.5987654320987654,5.148148148148148,4.512345679012346,0.5600168630927626,0.4873085454137518,0.4926064283395545,NL East
78,18,2006,NYY,0.5987654320987654,5.7407407407407405,4.734567901234568,0.5872568850971612,0.4964563328760856,0.4933914453436605,AL East
79,19,2006,OAK,0.5740740740740741,4.75925925925926,4.487654320987654,0.5268576914106354,0.5076525033583537,0.5095402257748631,AL West
80,20,2006,PHI,0.5246913580246914,5.339506172839506,5.012345679012346,0.5288951120875734,0.492871721758821,0.4931496782594305,NL East
81,21,2006,PIT,0.4135802469135802,4.265432098765432,4.919753086419753,0.435076564238893,0.4946668673632347,0.493831007338687,NL Central
82,22,2006,SDP,0.5432098765432098,4.512345679012346,4.191358024691358,0.5337087820089046,0.4890665337525237,0.4947837824087198,NL West
83,23,2006,SEA,0.4814814814814814,4.666666666666667,4.888888888888889,0.4787299373396775,0.5167053859574879,0.5132635027190795,AL West
84,24,2006,SFG,0.4720496894409938,4.604938271604938,4.876543209876544,0.4738058925447567,0.4954876405940992,0.4982142055499828,NL West
85,25,2006,STL,0.515527950310559,4.820987654320987,4.703703703703703,0.5112656748601665,0.4726931964809936,0.476791892237968,NL Central
86,26,2006,TBD,0.3765432098765432,4.253086419753086,5.283950617283951,0.401994086981153,0.5192424935223287,0.5138065842536864,AL East
87,27,2006,TEX,0.4938271604938271,5.154320987654321,4.839506172839506,0.5288009700297817,0.5187629991262122,0.5110450383870778,AL West
88,28,2006,TOR,0.5370370370370371,4.993827160493828,4.654320987654321,0.5321665094225617,0.5038103947568965,0.4992042191310905,AL East
89,29,2006,WSN,0.4382716049382716,4.604938271604938,5.382716049382716,0.4290821840717523,0.5009694022934313,0.5036413396416698,NL East
90,0,2007,ARI,0.5555555555555556,4.395061728395062,4.518518518518518,0.487328773035611,0.4950553699449149,0.5007789155943838,NL West
91,1,2007,ATL,0.5185185185185185,5.0,4.524691358024692,0.5455721830763142,0.5011379755629796,0.4974337441682114,NL East
92,2,2007,BAL,0.4259259259259259,4.666666666666667,5.3580246913580245,0.4371307239948943,0.515001734547797,0.5175175123789192,AL East
93,3,2007,BOS,0.5925925925925926,5.351851851851852,4.055555555555555,0.6242342075526303,0.4975501265612095,0.50132774089682,AL East
94,4,2007,CHC,0.5246913580246914,4.641975308641976,4.25925925925926,0.5392843270980816,0.4839874588921518,0.4799055712469696,NL Central
95,5,2007,CHW,0.4444444444444444,4.277777777777778,5.179012345679013,0.4134162027553624,0.5096784026825176,0.5142245591601101,AL Central
96,6,2007,CIN,0.4444444444444444,4.833333333333333,5.265432098765432,0.4609056762013326,0.4970816583960056,0.4928217039650324,NL Central
97,7,2007,CLE,0.5925925925925926,5.006172839506172,4.345679012345679,0.564372296715929,0.4875400091449471,0.4918479607846825,AL Central
98,8,2007,COL,0.5521472392638037,5.308641975308642,4.679012345679013,0.5575033643354773,0.5005191955064454,0.4987444562920586,NL West
99,9,2007,DET,0.5432098765432098,5.4753086419753085,4.919753086419753,0.548792293903738,0.4999618960524307,0.4983108800056407,AL Central
100,10,2007,FLA,0.4382716049382716,4.876543209876544,5.5,0.4451787724307353,0.4998043373980657,0.4969649735002038,NL East
101,11,2007,HOU,0.4506172839506173,4.462962962962963,5.018518518518518,0.446530471769069,0.4935342510072995,0.4906330899133472,NL Central
102,12,2007,KCR,0.4259259259259259,4.3580246913580245,4.802469135802469,0.4556881469416376,0.5114442751974623,0.5072243831286318,AL Central
103,13,2007,LAA,0.5802469135802469,5.074074074074074,4.512345679012346,0.5534718112415294,0.4959990855052579,0.4977040747342723,AL West
104,14,2007,LAD,0.5061728395061729,4.537037037037037,4.487654320987654,0.5050067225683919,0.5059149950020707,0.5029422341198,NL West
105,15,2007,MIL,0.5123456790123457,4.944444444444445,4.790123456790123,0.5145025362790908,0.4834577438909783,0.483464997013797,NL Central
106,16,2007,MIN,0.4876543209876543,4.432098765432099,4.4753086419753085,0.49556141234224,0.5047248894985517,0.5041253613459707,AL Central
107,17,2007,NYM,0.5432098765432098,4.962962962962963,4.62962962962963,0.5317653333643222,0.495519396545678,0.4956155791900298,NL East
108,18,2007,NYY,0.5802469135802469,5.9753086419753085,4.796296296296297,0.5992206525947809,0.4957454487990473,0.4992369571938514,AL East
109,19,2007,OAK,0.4691358024691358,4.574074074074074,4.679012345679013,0.4896241269311151,0.5054107605547931,0.5026207041292537,AL West
110,20,2007,PHI,0.5493827160493827,5.506172839506172,5.067901234567901,0.5378737468373602,0.49204819705211,0.4911537058023772,NL East
111,21,2007,PIT,0.419753086419753,4.469135802469136,5.222222222222222,0.4292327538540728,0.4983734523485584,0.4927718166716725,NL Central
112,22,2007,SDP,0.5460122699386503,4.574074074074074,4.111111111111111,0.5486657057169135,0.5027628868485741,0.4984337652258258,NL West
113,23,2007,SEA,0.5432098765432098,4.901234567901234,5.018518518518518,0.4891828889884898,0.5019708857788583,0.5092961780177256,AL West
114,24,2007,SFG,0.4382716049382716,4.216049382716049,4.444444444444445,0.4758826984974215,0.51406923978183,0.5093308052743711,NL West
115,25,2007,STL,0.4814814814814814,4.4753086419753085,5.117283950617284,0.438978509053777,0.4898762720406786,0.4928670377464059,NL Central
116,26,2007,TBD,0.4074074074074074,4.827160493827161,5.827160493827161,0.4147078788876268,0.5163353727127108,0.5223230712032574,AL East
117,27,2007,TEX,0.4629629629629629,5.037037037037037,5.209876543209877,0.4845697024028823,0.5076207895137932,0.5059613966627924,AL West
118,28,2007,TOR,0.5123456790123457,4.648148148148148,4.314814814814815,0.5339921125702098,0.5015372488295304,0.5073396852025437,AL East
119,29,2007,WSN,0.4506172839506173,4.154320987654321,4.833333333333333,0.431179882977704,0.5025094839089129,0.5032612584858966,NL East
120,0,2008,ARI,0.5061728395061729,4.444444444444445,4.3580246913580245,0.5089824918159174,0.4807000521772742,0.4827483423411126,NL West
121,1,2008,ATL,0.4444444444444444,4.648148148148148,4.802469135802469,0.48506190380481,0.4969594943203813,0.4953094723876306,NL East
122,2,2008,BAL,0.422360248447205,4.827160493827161,5.364197530864198,0.4518883814532392,0.5209108563468077,0.5192674471280396,AL East
123,3,2008,BOS,0.5864197530864198,5.216049382716049,4.283950617283951,0.5891039377726041,0.5110982368176875,0.5110197261797691,AL East
124,4,2008,CHC,0.6024844720496895,5.277777777777778,4.141975308641976,0.6090851146461065,0.4888325973229816,0.4841813901766254,NL Central
125,5,2008,CHW,0.5460122699386503,5.006172839506172,4.5,0.5486128512267021,0.5090440110859817,0.5110884232616364,AL Central
126,6,2008,CIN,0.4567901234567901,4.345679012345679,4.938271604938271,0.4417814943217399,0.5081843019309467,0.5069789035237549,NL Central
127,7,2008,CLE,0.5,4.969135802469136,4.697530864197531,0.5256929306829677,0.4995818250381604,0.4995275650521554,AL Central
128,8,2008,COL,0.4567901234567901,4.611111111111111,5.074074074074074,0.4563400673785185,0.4855319820720741,0.4882955002989733,NL West
129,9,2008,DET,0.4567901234567901,5.067901234567901,5.290123456790123,0.4803765595818012,0.5068816893786402,0.5082204168344414,AL Central
130,10,2008,FLA,0.5217391304347826,4.753086419753086,4.734567901234568,0.5017859413220395,0.4869322393476979,0.4916762878187619,NL East
131,11,2008,HOU,0.5341614906832298,4.395061728395062,4.58641975308642,0.4805120811528294,0.4970217386570933,0.4968207902992933,NL Central
132,12,2008,KCR,0.4629629629629629,4.265432098765432,4.820987654320987,0.4442190002426103,0.5079100226220388,0.5138181356548718,AL Central
133,13,2008,LAA,0.6172839506172839,4.722222222222222,4.302469135802469,0.5424861690011568,0.4914255605734919,0.5000255269961732,AL West
134,14,2008,LAD,0.5185185185185185,4.320987654320987,4.0,0.5352556562262912,0.4844219408857766,0.4821367054173749,NL West
135,15,2008,MIL,0.5555555555555556,4.62962962962963,4.253086419753086,0.5387328525511604,0.4932457743734162,0.4932846197351246,NL Central
136,16,2008,MIN,0.5398773006134969,5.117283950617284,4.598765432098766,0.5487223426690181,0.5011780861277623,0.5033372966327307,AL Central
137,17,2008,NYM,0.5493827160493827,4.932098765432099,4.41358024691358,0.55064410439783,0.4852667891673076,0.4869794773732349,NL East
138,18,2008,NYY,0.5493827160493827,4.87037037037037,4.487654320987654,0.5373718997068374,0.5125277831544081,0.5144730547040819,AL East
139,19,2008,OAK,0.4658385093167702,3.9876543209876543,4.25925925925926,0.4698908408776968,0.5061486105470943,0.5028244467895614,AL West
140,20,2008,PHI,0.5679012345679012,4.932098765432099,4.197530864197531,0.5732493028008667,0.488391312867963,0.4901856802778717,NL East
141,21,2008,PIT,0.4135802469135802,4.537037037037037,5.45679012345679,0.4163455832749658,0.5113623784989642,0.5080711358271961,NL Central
142,22,2008,SDP,0.3888888888888889,3.932098765432099,4.716049382716049,0.4175861068838538,0.490326624024279,0.4911584926331857,NL West
143,23,2008,SEA,0.3765432098765432,4.141975308641976,5.006172839506172,0.4141627475098242,0.5099300472911757,0.5056665867573217,AL West
144,24,2008,SFG,0.4444444444444444,3.950617283950617,4.685185185185185,0.422607972324254,0.4853811663484911,0.4902284118812254,NL West
145,25,2008,STL,0.5308641975308642,4.808641975308642,4.4753086419753085,0.5328192661451935,0.4973670408900318,0.4925269918491901,NL Central
146,26,2008,TBR,0.5987654320987654,4.777777777777778,4.141975308641976,0.5649629632995102,0.5114173150900637,0.5149358730210216,AL East
147,27,2008,TEX,0.4876543209876543,5.561728395061729,5.969135802469136,0.4677028754985246,0.5050785579604232,0.5043677745548976,AL West
148,28,2008,TOR,0.5308641975308642,4.407407407407407,3.765432098765432,0.5715274723326224,0.5151448316193481,0.5131892750290341,AL East
149,29,2008,WSN,0.3664596273291925,3.95679012345679,5.092592592592593,0.3865570770572373,0.4994514544498789,0.500598408864318,NL East
150,0,2009,ARI,0.4320987654320987,4.444444444444445,4.827160493827161,0.4622806843975823,0.5107753703656366,0.5040602502539682,NL West
151,1,2009,ATL,0.5308641975308642,4.537037037037037,3.95679012345679,0.5622796548103925,0.4924854755325319,0.4924732872009927,NL East
152,2,2009,BAL,0.3950617283950617,4.574074074074074,5.407407407407407,0.4240232999547619,0.5199325723764611,0.5188189117182868,AL East
153,3,2009,BOS,0.5864197530864198,5.382716049382716,4.54320987654321,0.5769569064869015,0.4984417121810135,0.5043612432819085,AL East
154,4,2009,CHC,0.515527950310559,4.364197530864198,4.148148148148148,0.5232116426275492,0.4859475405909183,0.4826159048738939,NL Central
155,5,2009,CHW,0.4876543209876543,4.469135802469136,4.518518518518518,0.4949726463064703,0.4942517967050157,0.4957455221987547,AL Central
156,6,2009,CIN,0.4814814814814814,4.154320987654321,4.462962962962963,0.4672606793362238,0.4850504723469471,0.4882536352282853,NL Central
157,7,2009,CLE,0.4012345679012346,4.771604938271605,5.339506172839506,0.4487346995532077,0.5046714513365151,0.5000074191134243,AL Central
158,8,2009,COL,0.5679012345679012,4.962962962962963,4.41358024691358,0.5534671941177376,0.4968364648729341,0.4962440060118313,NL West
159,9,2009,DET,0.5276073619631901,4.58641975308642,4.598765432098766,0.4987701630299048,0.4927816170956999,0.497180794159755,AL Central
160,10,2009,FLA,0.5370370370370371,4.765432098765432,4.728395061728395,0.5035695283364783,0.4899374811255288,0.4977221259109971,NL East
161,11,2009,HOU,0.4567901234567901,3.969135802469136,4.753086419753086,0.4182771703552334,0.4967366378444993,0.4976390271436494,NL Central
162,12,2009,KCR,0.4012345679012346,4.234567901234568,5.197530864197531,0.4073403123613913,0.5028978427459446,0.5036476781252801,AL Central
163,13,2009,LAA,0.5987654320987654,5.450617283950617,4.697530864197531,0.5676098693851751,0.5049502404522724,0.5029424145474733,AL West
164,14,2009,LAD,0.5864197530864198,4.814814814814815,3.771604938271605,0.6098972745876201,0.499459681290062,0.493598169392569,NL West
165,15,2009,MIL,0.4938271604938271,4.845679012345679,5.049382716049383,0.4811696919534134,0.4930791801337248,0.4929321436713175,NL Central
166,16,2009,MIN,0.5337423312883436,5.04320987654321,4.722222222222222,0.5300504314455545,0.4935862415590887,0.4938247764813939,AL Central
167,17,2009,NYM,0.4320987654320987,4.141975308641976,4.672839506172839,0.4450510252312694,0.5059742729719466,0.5063381096330482,NL East
168,18,2009,NYY,0.6358024691358025,5.648148148148148,4.648148148148148,0.5882151244363021,0.4945167718148602,0.5021677847957567,AL East
169,19,2009,OAK,0.4629629629629629,4.685185185185185,4.697530864197531,0.4987960542635898,0.5232020313378082,0.5130337026002788,AL West
170,20,2009,PHI,0.5740740740740741,5.061728395061729,4.376543209876544,0.5661527314858121,0.4850786361342807,0.4899291992111634,NL East
171,21,2009,PIT,0.3850931677018633,3.925925925925926,4.7407407407407405,0.4145658596904842,0.4950096533388424,0.4913306605947656,NL Central
172,22,2009,SDP,0.4629629629629629,3.938271604938272,4.746913580246914,0.4153826430491504,0.5105675736826206,0.5120289045476178,NL West
173,23,2009,SEA,0.5246913580246914,3.950617283950617,4.271604938271605,0.4643218560288097,0.509027362842152,0.5100624001816194,AL West
174,24,2009,SFG,0.5432098765432098,4.055555555555555,3.771604938271605,0.5331598353153243,0.5011966059559543,0.5001036192444512,NL West
175,25,2009,STL,0.5617283950617284,4.506172839506172,3.950617283950617,0.5599070257397745,0.4796083217360437,0.4784487261172409,NL Central
176,26,2009,TBR,0.5185185185185185,4.95679012345679,4.654320987654321,0.5287734475232381,0.5046526556347554,0.5059445428431301,AL East
177,27,2009,TEX,0.5370370370370371,4.839506172839506,4.567901234567901,0.5264000922563843,0.5076175167821001,0.503337905940702,AL West
178,28,2009,TOR,0.4629629629629629,4.925925925925926,4.75925925925926,0.5157420479063112,0.5157563329695923,0.512461583029613,AL East
179,29,2009,WSN,0.3641975308641975,4.382716049382716,5.395061728395062,0.4060540140293089,0.5059704862442379,0.5057011523442111,NL East
180,0,2010,ARI,0.4012345679012346,4.401234567901234,5.160493827160494,0.4277004776973503,0.516422801402225,0.5192388286129594,NL West
181,1,2010,ATL,0.5617283950617284,4.555555555555555,3.882716049382716,0.5725975403416169,0.4955799420819993,0.4978147237807484,NL East
182,2,2010,BAL,0.4074074074074074,3.783950617283951,4.845679012345679,0.3887443461257687,0.5235482395976219,0.5246959609112869,AL East
183,3,2010,BOS,0.5493827160493827,5.049382716049383,4.592592592592593,0.5432722219794122,0.5079256210943449,0.506290470308643,AL East
184,4,2010,CHC,0.4629629629629629,4.228395061728395,4.734567901234568,0.4484551772248063,0.4937128486511198,0.4921173556184118,NL Central
185,5,2010,CHW,0.5432098765432098,4.641975308641976,4.345679012345679,0.5301391870751113,0.4883020880963264,0.4858541254011175,AL Central
186,6,2010,CIN,0.5617283950617284,4.876543209876544,4.228395061728395,0.5648781202124535,0.476680384087791,0.475133271601342,NL Central
187,7,2010,CLE,0.4259259259259259,3.9876543209876543,4.641975308641976,0.4309332871993835,0.510211857948483,0.5063805125906304,AL Central
188,8,2010,COL,0.5123456790123457,4.753086419753086,4.425925925925926,0.5325802349789749,0.4993141289437581,0.5017247961260894,NL West
189,9,2010,DET,0.5,4.635802469135802,4.58641975308642,0.5048994883984774,0.4929507696997405,0.4889383007975769,AL Central
190,10,2010,FLA,0.4938271604938271,4.438271604938271,4.425925925925926,0.5012743713235652,0.5070111263526899,0.5095796566939272,NL East
191,11,2010,HOU,0.4691358024691358,3.771604938271605,4.5,0.4199117945019056,0.4964944368236544,0.499682081973157,NL Central
192,12,2010,KCR,0.4135802469135802,4.172839506172839,5.216049382716049,0.3993071787485911,0.5109358329522935,0.5099556797063326,AL Central
193,13,2010,LAA,0.4938271604938271,4.203703703703703,4.333333333333333,0.4861087984075762,0.4982853223593959,0.4983208078158338,AL West
194,14,2010,LAD,0.4938271604938271,4.117283950617284,4.271604938271605,0.4831722292127757,0.504305746075293,0.5109581249763779,NL West
195,15,2010,MIL,0.4753086419753086,4.62962962962963,4.962962962962963,0.4682346666356778,0.4913122999542748,0.489752179306895,NL Central
196,16,2010,MIN,0.5802469135802469,4.820987654320987,4.141975308641976,0.5690080093714135,0.4906645328456024,0.4887125368204897,AL Central
197,17,2010,NYM,0.4876543209876543,4.049382716049383,4.024691358024692,0.5027981446487401,0.5050678250266722,0.5068284817784314,NL East
198,18,2010,NYY,0.5864197530864198,5.302469135802469,4.277777777777778,0.5969979976239076,0.4985520499923789,0.4945138118843218,AL East
199,19,2010,OAK,0.5,4.092592592592593,3.864197530864197,0.5262476126793854,0.4986282578875166,0.4945904558344497,AL West
200,20,2010,PHI,0.5987654320987654,4.765432098765432,3.950617283950617,0.5849566972218249,0.497218411827465,0.5027138691775979,NL East
201,21,2010,PIT,0.3518518518518518,3.623456790123457,5.345679012345679,0.3292423116333795,0.5050678250266722,0.5060531956921753,NL Central
202,22,2010,SDP,0.5555555555555556,4.104938271604938,3.58641975308642,0.5614666217036869,0.4900548696844989,0.4934986866075061,NL West
203,23,2010,SEA,0.3765432098765432,3.1666666666666665,4.308641975308642,0.3627296556625884,0.517184880353604,0.5178928160404117,AL West
204,24,2010,SFG,0.5679012345679012,4.302469135802469,3.598765432098765,0.5809890242060124,0.4922648986434991,0.4956827606695577,NL West
205,25,2010,STL,0.5308641975308642,4.54320987654321,3.95679012345679,0.5628919347995567,0.4852537722908089,0.4805377380821343,NL Central
206,26,2010,TBR,0.5925925925925926,4.950617283950617,4.006172839506172,0.5956486690860351,0.4993903368388962,0.4962456972931136,AL East
207,27,2010,TEX,0.5555555555555556,4.8580246913580245,4.2407407407407405,0.5618530395114693,0.4860158512421881,0.4809203985827002,AL West
208,28,2010,TOR,0.5246913580246914,4.660493827160494,4.493827160493828,0.5166544773222999,0.516270385611949,0.5160070480182883,AL East
209,29,2010,WSN,0.4259259259259259,4.04320987654321,4.580246913580247,0.4431897193809565,0.5053726566072243,0.5062486622121836,NL East
210,0,2011,ARI,0.5802469135802469,4.512345679012346,4.08641975308642,0.5452361335456631,0.4867833736146489,0.4907530020681255,NL West
211,1,2011,ATL,0.5493827160493827,3.95679012345679,3.734567901234568,0.526419328805823,0.498533353024317,0.4998467350029398,NL East
212,2,2011,BAL,0.4259259259259259,4.37037037037037,5.308641975308642,0.4119491314645974,0.519660926934142,0.5214436788514726,AL East
213,3,2011,BOS,0.5555555555555556,5.401234567901234,4.549382716049383,0.5778842123733967,0.5023624447492757,0.5023707222446597,AL East
214,4,2011,CHC,0.4382716049382716,4.037037037037037,4.666666666666667,0.4340786762429262,0.5004394970846925,0.4999084417492087,NL Central
215,5,2011,CHW,0.4876543209876543,4.037037037037037,4.3580246913580245,0.4650547084969532,0.4930657915538929,0.4915899830869591,AL Central
216,6,2011,CIN,0.4876543209876543,4.537037037037037,4.444444444444445,0.5094322047894554,0.4945906594680968,0.4905499650229248,NL Central
217,7,2011,CLE,0.4938271604938271,4.345679012345679,4.691358024691358,0.465040053044093,0.4962277091906718,0.4955745004538667,AL Central
218,8,2011,COL,0.4506172839506173,4.537037037037037,4.777777777777778,0.4763642503049031,0.5069595321876583,0.5037483016604684,NL West
219,9,2011,DET,0.5864197530864198,4.8580246913580245,4.388888888888889,0.546328518029547,0.4814634945248647,0.4813345619619766,AL Central
220,10,2011,FLA,0.4444444444444444,3.858024691358025,4.333333333333333,0.447046174885259,0.5147081237616213,0.5132461700555353,NL East
221,11,2011,HOU,0.345679012345679,3.796296296296296,4.91358024691358,0.384119852280459,0.5096237318012228,0.50635439915403,NL Central
222,12,2011,KCR,0.4382716049382716,4.506172839506172,4.703703703703703,0.480382400900643,0.5003048315805515,0.4917759631446345,AL Central
223,13,2011,LAA,0.5308641975308642,4.117283950617284,3.907407407407408,0.5239179591632439,0.4953340414514145,0.4980740662372527,AL West
224,14,2011,LAD,0.5093167701863354,3.975308641975309,3.7777777777777777,0.5233002595865661,0.4928357478455882,0.4909297554767147,NL West
225,15,2011,MIL,0.5925925925925926,4.450617283950617,3.938271604938272,0.555720243618659,0.4842263857293374,0.4872093984598471,NL Central
226,16,2011,MIN,0.3888888888888889,3.820987654320988,4.962962962962963,0.3825983562782946,0.5125182117935738,0.5078976124437127,AL Central
227,17,2011,NYM,0.4753086419753086,4.432098765432099,4.580246913580247,0.4849620857620795,0.5140416596848871,0.5124798967210016,NL East
228,18,2011,NYY,0.5987654320987654,5.351851851851852,4.055555555555555,0.6242342075526303,0.4980566986739824,0.4970061446171084,AL East
229,19,2011,OAK,0.4567901234567901,3.9814814814814814,4.191358024691358,0.4765151473670928,0.5100594421582071,0.5069127008248376,AL West
230,20,2011,PHI,0.6296296296296297,4.401234567901234,3.265432098765432,0.6332633068541015,0.4926840420667578,0.491414529891742,NL East
231,21,2011,PIT,0.4444444444444444,3.765432098765432,4.395061728395062,0.4297300348291613,0.4941719893858018,0.4944034896787457,NL Central
232,22,2011,SDP,0.4382716049382716,3.6604938271604937,3.771604938271605,0.4863229914912594,0.5005580689960718,0.4973822003208287,NL West
233,23,2011,SEA,0.4135802469135802,3.432098765432099,4.166666666666667,0.4121902695511329,0.5147649246772521,0.5171349658213046,AL West
234,24,2011,SFG,0.5308641975308642,3.5185185185185186,3.567901234567901,0.4936239358135341,0.493204007115261,0.4975239758325869,NL West
235,25,2011,STL,0.5555555555555556,4.703703703703703,4.271604938271605,0.5439710906678822,0.487484628252207,0.4879250785002862,NL Central
236,26,2011,TBR,0.5617283950617284,4.364197530864198,3.7901234567901234,0.56416804145357,0.4993522328913272,0.5008482473935932,AL East
237,27,2011,TEX,0.5925925925925926,5.277777777777778,4.179012345679013,0.6051994228262113,0.4894071025758264,0.4904193723515482,AL West
238,28,2011,TOR,0.5,4.58641975308642,4.697530864197531,0.4890504301107064,0.5117741197988108,0.515444365607041,AL East
239,29,2011,WSN,0.4968944099378882,3.851851851851852,3.969135802469136,0.4862810264812005,0.498630387921853,0.4966502466887491,NL East
240,0,2012,ARI,0.5,4.530864197530864,4.246913580246914,0.5295749233458157,0.4941319920743786,0.4939813505816227,NL West
241,1,2012,ATL,0.5802469135802469,4.320987654320987,3.703703703703704,0.5700599484585009,0.4945892394452061,0.496298804925916,NL East
242,2,2012,BAL,0.5740740740740741,4.395061728395062,4.351851851851852,0.5045200265489479,0.5065157750342932,0.5132824170271326,AL East
243,3,2012,BOS,0.4259259259259259,4.530864197530864,4.9753086419753085,0.4572938759936842,0.5183279987806734,0.51417772931664,AL East
244,4,2012,CHC,0.3765432098765432,3.783950617283951,4.685185185185185,0.4034873239930905,0.5013717421124824,0.5056589430331556,NL Central
245,5,2012,CHW,0.5246913580246914,4.617283950617284,4.172839506172839,0.5461716152379296,0.484034445968602,0.4844937754097187,AL Central
246,6,2012,CIN,0.5987654320987654,4.12962962962963,3.6296296296296298,0.5587707044685333,0.4762612406645324,0.4838037126798027,NL Central
247,7,2012,CLE,0.419753086419753,4.117283950617284,5.216049382716049,0.3934387660301088,0.5050678250266725,0.5075510752630906,AL Central
248,8,2012,COL,0.3950617283950617,4.679012345679013,5.493827160493828,0.4270775679876713,0.5097546105776556,0.509132490114944,NL West
249,9,2012,DET,0.5432098765432098,4.481481481481482,4.135802469135802,0.5366586802414102,0.4891022709952747,0.4917452675429867,AL Central
250,10,2012,HOU,0.3395061728395062,3.598765432098765,4.901234567901234,0.3623266096953089,0.5057536960829138,0.5074500957546177,NL Central
251,11,2012,KCR,0.4444444444444444,4.172839506172839,4.604938271604938,0.4550431124022834,0.50072397500381,0.5012309740736941,AL Central
252,12,2012,LAA,0.5493827160493827,4.734567901234568,4.314814814814815,0.5423706354561486,0.5122313671696384,0.5111923773247004,AL West
253,13,2012,LAD,0.5308641975308642,3.932098765432099,3.685185185185185,0.5296352618744355,0.4952370065538787,0.4997853875043363,NL West
254,14,2012,MIA,0.4259259259259259,3.759259259259259,4.469135802469136,0.4215190075213024,0.5068587105624139,0.5104359277629151,NL East
255,15,2012,MIL,0.5123456790123457,4.790123456790123,4.524691358024692,0.5260569917466235,0.4791571406797739,0.4841761231806329,NL Central
256,16,2012,MIN,0.4074074074074074,4.327160493827161,5.135802469135802,0.422254820566014,0.5053726566072241,0.5042087267728446,AL Central
257,17,2012,NYM,0.4567901234567901,4.012345679012346,4.376543209876544,0.4603344787793683,0.5125361987501901,0.5113744960578743,NL East
258,18,2012,NYY,0.5864197530864198,4.962962962962963,4.1234567901234565,0.5839765757470972,0.5090306355738451,0.5075223311272242,AL East
259,19,2012,OAK,0.5802469135802469,4.401234567901234,3.7901234567901234,0.5679667390679155,0.5064395671391552,0.5055320161284332,AL West
260,20,2012,PHI,0.5,4.222222222222222,4.197530864197531,0.5026832663899612,0.4987044657826547,0.4996352720568831,NL East
261,21,2012,PIT,0.4876543209876543,4.018518518518518,4.160493827160494,0.4841207274400126,0.4876543209876537,0.4911376136862901,NL Central
262,22,2012,SDP,0.4691358024691358,4.018518518518518,4.382716049382716,0.4603925961344393,0.4993903368388963,0.5035113331168006,NL West
263,23,2012,SEA,0.4629629629629629,3.820987654320988,4.018518518518518,0.4769563370000006,0.5188995579942077,0.5163709068390782,AL West
264,24,2012,SFG,0.5802469135802469,4.432098765432099,4.006172839506172,0.5460931190103437,0.4865493065081539,0.4932168029455313,NL West
265,25,2012,STL,0.5432098765432098,4.722222222222222,4.0,0.5753596630518095,0.4808718183203774,0.4832607433433737,NL Central
266,26,2012,TBR,0.5555555555555556,4.302469135802469,3.561728395061728,0.5855904586330039,0.5068206066148448,0.5020480051881686,AL East
267,27,2012,TEX,0.5740740740740741,4.987654320987654,4.364197530864198,0.5607884244424521,0.498285322359396,0.5002369900669664,AL West
268,28,2012,TOR,0.4506172839506173,4.419753086419753,4.839506172839506,0.4585866434954197,0.5196235329980182,0.5186239601018905,AL East
269,29,2012,WSN,0.6049382716049383,4.512345679012346,3.6666666666666665,0.5938218439261921,0.4907026367931715,0.4918550957585471,NL East
270,0,2013,ARI,0.5,4.228395061728395,4.290123456790123,0.4933698378075941,0.5006290657847117,0.4953878255882011,NL West
271,1,2013,ATL,0.5925925925925926,4.246913580246914,3.382716049382716,0.6026094595676518,0.4812528577960672,0.4771082104318296,NL East
272,2,2013,BAL,0.5246913580246914,4.598765432098766,4.376543209876544,0.5226438767244721,0.5122072892150394,0.5097212203044039,AL East
273,3,2013,BOS,0.5987654320987654,5.265432098765432,4.049382716049383,0.6178790932877165,0.4996923632208537,0.4940125102917972,AL East
274,4,2013,CHC,0.4074074074074074,3.7160493827160495,4.253086419753086,0.4385570153204767,0.5123961725870378,0.512440456381187,NL Central
275,5,2013,CHW,0.3888888888888889,3.691358024691358,4.462962962962963,0.4140208686910574,0.506885359949057,0.5079746050101451,AL Central
276,6,2013,CIN,0.5555555555555556,4.308641975308642,3.635802469135802,0.5770612495345572,0.5008887804212094,0.5012188247150297,NL Central
277,7,2013,CLE,0.5679012345679012,4.598765432098766,4.08641975308642,0.5538298559722882,0.4898744019082827,0.4947722690245745,AL Central
278,8,2013,COL,0.4567901234567901,4.3580246913580245,4.691358024691358,0.4663318127691396,0.5004308317507333,0.4941262661149779,NL West
279,9,2013,DET,0.5740740740740741,4.91358024691358,3.851851851851852,0.6095714853851975,0.4900436488901226,0.4882666593301774,AL Central
280,10,2013,HOU,0.3148148148148148,3.765432098765432,5.234567901234568,0.3536938334501674,0.5157156575899785,0.5168020889611112,AL West
281,11,2013,KCR,0.5308641975308642,4.0,3.7098765432098766,0.5343934109113649,0.4970164375286944,0.4999182117147406,AL Central
282,12,2013,LAA,0.4814814814814814,4.524691358024692,4.549382716049383,0.4975102185157409,0.4967398917006324,0.4993845501904214,AL West
283,13,2013,LAD,0.5679012345679012,4.006172839506172,3.592592592592593,0.5496857186369491,0.4909048448584912,0.4873292957101403,NL West
284,14,2013,MIA,0.382716049382716,3.1666666666666665,3.9876543209876543,0.3960721620243659,0.5058962936781105,0.5002586781382714,NL East
285,15,2013,MIL,0.4567901234567901,3.950617283950617,4.2407407407407405,0.4676241146116447,0.5072689708567912,0.5082670177152705,NL Central
286,16,2013,MIN,0.4074074074074074,3.7901234567901234,4.864197530864198,0.3877948951434505,0.5075880621968627,0.5128517225265553,AL Central
287,17,2013,NYM,0.4567901234567901,3.820987654320988,4.222222222222222,0.4544441051633093,0.496951684194482,0.4929515171203162,NL East
288,18,2013,NYY,0.5246913580246914,4.012345679012346,4.141975308641976,0.4854570789772638,0.5101496760463152,0.5118238175593893,AL East
289,19,2013,OAK,0.5925925925925926,4.734567901234568,3.858024691358025,0.5925858031861315,0.4817484428810132,0.4867697094981034,AL West
290,20,2013,PHI,0.4506172839506173,3.765432098765432,4.6234567901234565,0.4071734863215939,0.5012193263222063,0.5032853421075982,NL East
291,21,2013,PIT,0.5802469135802469,3.91358024691358,3.561728395061728,0.5429931286585109,0.4967354501361919,0.5046613344993622,NL Central
292,22,2013,SDP,0.4691358024691358,3.814814814814815,4.320987654320987,0.443244873212908,0.5003546238555953,0.4966128302472667,NL West
293,23,2013,SEA,0.4382716049382716,3.851851851851852,4.654320987654321,0.4142768277225944,0.5017530153547215,0.5085404821057257,AL West
294,24,2013,SFG,0.4691358024691358,3.882716049382716,4.265432098765432,0.4570968428758816,0.5047365778260267,0.5003401310826897,NL West
295,25,2013,STL,0.5987654320987654,4.833333333333333,3.679012345679012,0.6223165353654708,0.4930774711695709,0.4936687601400168,NL Central
296,26,2013,TBR,0.5644171779141104,4.320987654320987,3.9876543209876543,0.5366625612002027,0.5048214350834963,0.5062659930369307,AL East
297,27,2013,TEX,0.558282208588957,4.506172839506172,3.925925925925926,0.5627322245362947,0.4902257530321853,0.4941388719417157,AL West
298,28,2013,TOR,0.4567901234567901,4.395061728395062,4.666666666666667,0.4725942096052978,0.5203996379423677,0.5169105092932568,AL East
299,29,2013,WSN,0.5308641975308642,4.049382716049383,3.864197530864197,0.521402679738865,0.488568815729309,0.4866059417032137,NL East
300,0,2014,ARI,0.3950617283950617,3.796296296296296,4.580246913580247,0.4149497372563035,0.5003429355281203,0.5013626613585201,NL West
301,1,2014,ATL,0.4876543209876543,3.537037037037037,3.685185185185185,0.4812369508945622,0.4971422039323269,0.5022810690854729,NL East
302,2,2014,BAL,0.5925925925925926,4.351851851851852,3.6604938271604937,0.5784945038358901,0.4974089315653096,0.4967881298276595,AL East
303,3,2014,BOS,0.4382716049382716,3.91358024691358,4.41358024691358,0.4452139806960462,0.513793629019966,0.5105458910348007,AL East
304,4,2014,CHC,0.4506172839506173,3.7901234567901234,4.364197530864198,0.4358319585464301,0.5040009144947412,0.5009577124705714,NL Central
305,5,2014,CHW,0.4506172839506173,4.074074074074074,4.679012345679013,0.4369987047471086,0.5071254381953965,0.5060514347536814,AL Central
306,6,2014,CIN,0.4691358024691358,3.67283950617284,3.7777777777777777,0.4871146774181603,0.5028577960676721,0.4961260109782692,NL Central
307,7,2014,CLE,0.5246913580246914,4.12962962962963,4.030864197530864,0.5110728601667703,0.4978280749885683,0.4968617392047162,AL Central
308,8,2014,COL,0.4074074074074074,4.660493827160494,5.049382716049383,0.4633994358233104,0.4975994513031544,0.4942567991985785,NL West
309,9,2014,DET,0.5555555555555556,4.672839506172839,4.351851851851852,0.5325122544329628,0.4971040999847579,0.4969605277344427,AL Central
310,10,2014,HOU,0.4320987654320987,3.882716049382716,4.462962962962963,0.4366230569998311,0.5118884316415175,0.5190903809935788,AL West
311,11,2014,KCR,0.5493827160493827,4.018518518518518,3.851851851851852,0.5193696694579265,0.4980185947264132,0.4983638285341475,AL Central
312,12,2014,LAA,0.6049382716049383,4.771604938271605,3.888888888888889,0.5925080760538068,0.4943225118122232,0.5030057548046093,AL West
313,13,2014,LAD,0.5802469135802469,4.432098765432099,3.808641975308642,0.5689157960754259,0.4825864959609811,0.4865142540546995,NL West
314,14,2014,MIA,0.4753086419753086,3.9814814814814814,4.160493827160494,0.4798900982058984,0.4975994513031544,0.5016899203954661,NL East
315,15,2014,MIL,0.5061728395061729,4.012345679012346,4.055555555555555,0.495099574480568,0.4955418381344302,0.493570977960293,NL Central
316,16,2014,MIN,0.4320987654320987,4.41358024691358,4.796296296296297,0.462028554495726,0.5113930803231209,0.5049052284537447,AL Central
317,17,2014,NYM,0.4876543209876543,3.882716049382716,3.814814814814815,0.5080708795708749,0.499314128943758,0.500011785904388,NL East
318,18,2014,NYY,0.5185185185185185,3.907407407407408,4.098765432098766,0.4781400786047977,0.503162627648224,0.5056019198325127,AL East
319,19,2014,OAK,0.5432098765432098,4.5,3.5308641975308643,0.6091733053540257,0.5008763907940859,0.5003142759593965,AL West
320,20,2014,PHI,0.4506172839506173,3.820987654320988,4.2407407407407405,0.4524592694610699,0.5051059289742413,0.5083983137410811,NL East
321,21,2014,PIT,0.5432098765432098,4.209876543209877,3.8950617283950617,0.5354988094739465,0.4965325407712234,0.492275959588743,NL Central
322,22,2014,SDP,0.4753086419753086,3.302469135802469,3.561728395061728,0.4654792077402105,0.4927983539094645,0.4977698091060558,NL West
323,23,2014,SEA,0.5370370370370371,3.91358024691358,3.419753086419753,0.561398124201097,0.5003810394756891,0.5045624473727528,AL West
324,24,2014,SFG,0.5432098765432098,4.104938271604938,3.7901234567901234,0.5364401672355801,0.4852156683432398,0.4909545578220998,NL West
325,25,2014,STL,0.5555555555555556,3.820987654320988,3.7222222222222223,0.5119787521780416,0.4950464868160336,0.494818760556151,NL Central
326,26,2014,TBR,0.4753086419753086,3.7777777777777777,3.858024691358025,0.4903848250089991,0.508992531626276,0.5045453251388471,AL East
327,27,2014,TEX,0.4135802469135802,3.932098765432099,4.771604938271605,0.4123831591410483,0.51364121322969,0.5222350430631929,AL West
328,28,2014,TOR,0.5123456790123457,4.462962962962963,4.234567901234568,0.5240147129328752,0.5044962658131378,0.500953209077165,AL East
329,29,2014,WSN,0.5925925925925926,4.234567901234568,3.425925925925926,0.5957516359849201,0.4878829446730676,0.4906590884685605,NL East
330,0,2015,ARI,0.4876543209876543,4.444444444444445,4.401234567901234,0.5044695605983237,0.4939795762841025,0.4962059623027798,NL West
331,1,2015,ATL,0.4135802469135802,3.537037037037037,4.691358024691358,0.373588665633083,0.4925316262764818,0.5002363374054991,NL East
332,2,2015,BAL,0.5,4.401234567901234,4.277777777777778,0.5130135854884983,0.5074773672018255,0.5151929552326002,AL East
333,3,2015,BOS,0.4814814814814814,4.617283950617284,4.648148148148148,0.4969520584593369,0.5071169180580519,0.5128508038069646,AL East
334,4,2015,CHC,0.5987654320987654,4.253086419753086,3.753086419753086,0.5569694081068235,0.4949264948817636,0.4943252796686063,NL Central
335,5,2015,CHW,0.4691358024691358,3.8395061728395055,4.327160493827161,0.4455149444398156,0.5157099499110588,0.5117376163388887,AL Central
336,6,2015,CIN,0.3950617283950617,3.950617283950617,4.654320987654321,0.4255620617211185,0.5201134408953334,0.5115073789257625,NL Central
337,7,2015,CLE,0.5031055900621118,4.12962962962963,3.950617283950617,0.5202634121802608,0.5039732240483712,0.4974280339167838,AL Central
338,8,2015,COL,0.419753086419753,4.549382716049383,5.209876543209877,0.4382953394983542,0.5012193263222064,0.5015685449009029,NL West
339,9,2015,DET,0.4596273291925465,4.253086419753086,4.95679012345679,0.4304053323149385,0.5130336801029228,0.5094128018881311,AL Central
340,10,2015,HOU,0.5308641975308642,4.5,3.814814814814815,0.5750019991219839,0.4981610703564537,0.4975167927583679,AL West
341,11,2015,KCR,0.5864197530864198,4.469135802469136,3.95679012345679,0.5554767370194127,0.5004683708834714,0.4980488743248302,AL Central
342,12,2015,LAA,0.5246913580246914,4.080246913580247,4.166666666666667,0.4904125009629004,0.5002757211112905,0.5075552707118668,AL West
343,13,2015,LAD,0.5679012345679012,4.117283950617284,3.67283950617284,0.5520701316200044,0.4840344459686018,0.4886148140291998,NL West
344,14,2015,MIA,0.4382716049382716,3.783950617283951,4.185185185185185,0.4540223278808709,0.4888736473098607,0.4891599138333649,NL East
345,15,2015,MIL,0.419753086419753,4.04320987654321,4.549382716049383,0.4462452126683335,0.5167044392755605,0.5081428031969969,NL Central
346,16,2015,MIN,0.5123456790123457,4.296296296296297,4.320987654320987,0.4973782403490214,0.5070984577604719,0.5034301950955448,AL Central
347,17,2015,NYM,0.5555555555555556,4.216049382716049,3.783950617283951,0.5493086524402659,0.4775186709343084,0.4802069997810633,NL East
348,18,2015,NYY,0.5370370370370371,4.716049382716049,4.308641975308642,0.5412406183198422,0.5031907914355574,0.5118080841879112,AL East
349,19,2015,OAK,0.419753086419753,4.283950617283951,4.5,0.477505384594139,0.5119752897083363,0.5091184399399098,AL West
350,20,2015,PHI,0.3888888888888889,3.864197530864197,4.993827160493828,0.3847817389603885,0.4969135802469132,0.4992223865958967,NL East
351,21,2015,PIT,0.6049382716049383,4.302469135802469,3.679012345679012,0.571133397117956,0.4927704267926127,0.4914956907066112,NL Central
352,22,2015,SDP,0.4567901234567901,4.012345679012346,4.512345679012346,0.4464765577634532,0.4971422039323269,0.5012043977502318,NL West
353,23,2015,SEA,0.4691358024691358,4.049382716049383,4.481481481481482,0.4537470448719298,0.5034575190685402,0.5090696017201055,AL West
354,24,2015,SFG,0.5185185185185185,4.296296296296297,3.87037037037037,0.5476196600856319,0.4880353604633436,0.488962687851416,NL West
355,25,2015,STL,0.6172839506172839,3.993827160493827,3.240740740740741,0.5944457716099114,0.4945468754289647,0.4914344380906236,NL Central
356,26,2015,TBR,0.4938271604938271,3.975308641975309,3.962962962962963,0.5014230144124839,0.5067169449438187,0.5150398455672348,AL East
357,27,2015,TEX,0.5432098765432098,4.635802469135802,4.524691358024692,0.5110971044489145,0.4968082618825144,0.5037850976525777,AL West
358,28,2015,TOR,0.5740740740740741,5.5,4.135802469135802,0.6275386733545641,0.4974195817369904,0.4987901603308958,AL East
359,29,2015,WSN,0.5123456790123457,4.339506172839506,3.919753086419753,0.5464083792483725,0.4816338972717569,0.479426981196046,NL East
360,0,2016,ARI,0.4259259259259259,4.641975308641976,5.493827160493828,0.423522955340928,0.5010777973740931,0.5095712219187367,NL West
361,1,2016,ATL,0.422360248447205,4.006172839506172,4.808641975308642,0.4172389057253656,0.4995967134990212,0.498686684392874,NL East
362,2,2016,BAL,0.5493827160493827,4.592592592592593,4.41358024691358,0.5181814901991048,0.5069822525539107,0.5134089363941836,AL East
363,3,2016,BOS,0.5740740740740741,5.419753086419753,4.283950617283951,0.6059619169407504,0.499578253201441,0.4990688061696193,AL East
364,4,2016,CHC,0.639751552795031,4.987654320987654,3.432098765432099,0.6646403632318666,0.4827074345771782,0.4848581444178777,NL Central
365,5,2016,CHW,0.4814814814814814,4.234567901234568,4.41358024691358,0.4810663091130325,0.5050503114110195,0.5023862835408891,AL Central
366,6,2016,CIN,0.419753086419753,4.419753086419753,5.271604938271605,0.4200570066746774,0.5106343147584868,0.5146432932619663,NL Central
367,7,2016,CLE,0.5838509316770186,4.796296296296297,4.172839506172839,0.5633631273508606,0.4864865888304782,0.4850774427401259,AL Central
368,8,2016,COL,0.4629629629629629,5.216049382716049,5.308641975308642,0.4919506344257012,0.4965181038718338,0.4987263663166782,NL West
369,9,2016,DET,0.5341614906832298,4.62962962962963,4.450617283950617,0.518033261384948,0.4923287996735837,0.4910969971793713,AL Central
370,10,2016,HOU,0.5185185185185185,4.469135802469136,4.327160493827161,0.5147654092977852,0.5023496645432586,0.499690274125745,AL West
371,11,2016,KCR,0.5,4.166666666666667,4.395061728395062,0.475604796922836,0.5010662005204852,0.500252557199663,AL Central
372,12,2016,LAA,0.4567901234567901,4.425925925925926,4.487654320987654,0.4936636728320497,0.513652810083298,0.5064989903808159,AL West
373,13,2016,LAD,0.5617283950617284,4.4753086419753085,3.938271604938272,0.55821850567826,0.4825422385808854,0.4926170315188564,NL West
374,14,2016,MIA,0.4906832298136646,4.04320987654321,4.209876543209877,0.4815279626722084,0.491211714999512,0.4909494791212441,NL East
375,15,2016,MIL,0.4506172839506173,4.141975308641976,4.524691358024692,0.4596556215660412,0.4997432125272522,0.5042294692835698,NL Central
376,16,2016,MIN,0.3641975308641975,4.45679012345679,5.487654320987654,0.4059407287917922,0.5153331705040414,0.506883548351115,AL Central
377,17,2016,NYM,0.5370370370370371,4.141975308641976,3.808641975308642,0.5383090741442359,0.4904392225469336,0.4870399334773784,NL East
378,18,2016,NYY,0.5185185185185185,4.197530864197531,4.333333333333333,0.48543704292879,0.5086607196107996,0.5153146595609742,AL East
379,19,2016,OAK,0.4259259259259259,4.030864197530864,4.697530864197531,0.4304310009493258,0.5147315541393189,0.511278341185308,AL West
380,20,2016,PHI,0.4382716049382716,3.765432098765432,4.91358024691358,0.3805919126585134,0.5008356834712171,0.5053446009258722,NL East
381,21,2016,PIT,0.484472049689441,4.5,4.679012345679013,0.4821606588883483,0.5012834640227729,0.5057687296945664,NL Central
382,22,2016,SDP,0.419753086419753,4.234567901234568,4.753086419753086,0.4473487688866751,0.5014564701449649,0.506327760268842,NL West
383,23,2016,SEA,0.5308641975308642,4.7407407407407405,4.364197530864198,0.5377900688400974,0.5010929442849281,0.497422281302017,AL West
384,24,2016,SFG,0.5370370370370371,4.41358024691358,3.8950617283950617,0.5569288987158342,0.4867310694381722,0.4932416928328597,NL West
385,25,2016,STL,0.5308641975308642,4.808641975308642,4.395061728395062,0.5410517907737533,0.4948304066661549,0.4976905621100492,NL Central
386,26,2016,TBR,0.419753086419753,4.148148148148148,4.401234567901234,0.4729319305369752,0.5187549523298309,0.5153619907137911,AL East
387,27,2016,TEX,0.5864197530864198,4.722222222222222,4.672839506172839,0.5048093571997315,0.4942716276586373,0.5010566694843319,AL West
388,28,2016,TOR,0.5493827160493827,4.685185185185185,4.111111111111111,0.559517270143786,0.5031560008747336,0.5030920807381223,AL East
389,29,2016,WSN,0.5864197530864198,4.709876543209877,3.7777777777777777,0.5995431961233919,0.4853174366504116,0.4804355803479011,NL East
390,0,2017,ARI,0.5740740740740741,5.012345679012346,4.067901234567901,0.5943702283954776,0.4964563328760855,0.4907420570582621,NL West
391,1,2017,ATL,0.4444444444444444,4.518518518518518,5.067901234567901,0.447697295398261,0.4939033683889647,0.4945839587410442,NL East
392,2,2017,BAL,0.4629629629629629,4.58641975308642,5.191358024691358,0.4435593316731012,0.5131077579637245,0.5175089152431973,AL East
393,3,2017,BOS,0.5740740740740741,4.845679012345679,4.1234567901234565,0.5733063349126163,0.4965325407712235,0.4998877703536373,AL East
394,4,2017,CHC,0.5679012345679012,5.074074074074074,4.290123456790123,0.5761836557371701,0.4873494894071021,0.4903130093195685,NL Central
395,5,2017,CHW,0.4135802469135802,4.3580246913580245,5.061728395061729,0.4319422817200881,0.5134506934918452,0.5123751982044614,AL Central
396,6,2017,CIN,0.419753086419753,4.648148148148148,5.364197530864198,0.4348233323374334,0.5105928974241726,0.5127812170992126,NL Central
397,7,2017,CLE,0.6296296296296297,5.049382716049383,3.4814814814814814,0.6638299302703247,0.4836915104404811,0.4808683885805522,AL Central
398,8,2017,COL,0.5370370370370371,5.08641975308642,4.672839506172839,0.5387216387182547,0.4996570644718788,0.4967001701339589,NL West
399,9,2017,DET,0.3950617283950617,4.537037037037037,5.518518518518518,0.4113521286408332,0.5130696540161556,0.511670550250489,AL Central
400,10,2017,HOU,0.6234567901234568,5.530864197530864,4.320987654320987,0.6110561685059698,0.4900548696844987,0.4926603315529581,AL West
401,11,2017,KCR,0.4938271604938271,4.333333333333333,4.882716049382716,0.4456068202131326,0.5016384697454651,0.5089689051622217,AL Central
402,12,2017,LAA,0.4938271604938271,4.382716049382716,4.376543209876544,0.5006448200452468,0.5066681908245689,0.5057817579792274,AL West
403,13,2017,LAD,0.6419753086419753,4.753086419753086,3.580246913580247,0.6268093968661068,0.4848727328151192,0.4838772274191421,NL West
404,14,2017,MIA,0.4753086419753086,4.802469135802469,5.074074074074074,0.4748523908545249,0.4907407407407402,0.4931549033598925,NL East
405,15,2017,MIL,0.5308641975308642,4.518518518518518,4.302469135802469,0.52240025523011,0.4950083828684647,0.4985089004774469,NL Central
406,16,2017,MIN,0.5246913580246914,5.030864197530864,4.864197530864198,0.5154083053482305,0.4976756591982924,0.4985724647066757,AL Central
407,17,2017,NYM,0.4320987654320987,4.537037037037037,5.327160493827161,0.4270748299801243,0.4972184118274648,0.5011750986827922,NL East
408,18,2017,NYY,0.5617283950617284,5.296296296296297,4.074074074074074,0.6177777700087579,0.4983615302545338,0.4936959675556778,AL East
409,19,2017,OAK,0.4629629629629629,4.561728395061729,5.098765432098766,0.4492569822807641,0.5059061118731896,0.5088486745319261,AL West
410,20,2017,PHI,0.4074074074074074,4.25925925925926,4.827160493827161,0.4429869020712325,0.5008001828989478,0.498978419255304,NL East
411,21,2017,PIT,0.4629629629629629,4.1234567901234565,4.512345679012346,0.4588608936572427,0.5007620789513788,0.5049258386730375,NL Central
412,22,2017,SDP,0.4382716049382716,3.728395061728395,5.037037037037037,0.3657397168055393,0.5104023776863278,0.5158077255151438,NL West
413,23,2017,SEA,0.4814814814814814,4.62962962962963,4.765432098765432,0.486776144926065,0.5047629934461205,0.5050961633450535,AL West
414,24,2017,SFG,0.3950617283950617,3.9444444444444446,4.790123456790123,0.4120556323375195,0.5144795000762074,0.5089454610135314,NL West
415,25,2017,STL,0.5123456790123457,4.697530864197531,4.351851851851852,0.5349123615658724,0.4969516841944821,0.4959532723844435,NL Central
416,26,2017,TBR,0.4938271604938271,4.283950617283951,4.345679012345679,0.4934551978185334,0.5082685566224656,0.5102878068183416,AL East
417,27,2017,TEX,0.4814814814814814,4.932098765432099,5.037037037037037,0.490369256574775,0.5033150434384998,0.5007884502723767,AL West
418,28,2017,TOR,0.4691358024691358,4.277777777777778,4.839506172839506,0.4437926743909883,0.5099832342630691,0.5149356400931319,AL East
419,29,2017,WSN,0.5987654320987654,5.055555555555555,4.148148148148148,0.589529599670679,0.474317939338515,0.4767580331722522,NL East
420,0,2018,ARI,0.5061728395061729,4.277777777777778,3.975308641975309,0.5334988002328822,0.5055768770976223,0.5050001358164137,NL West
421,1,2018,ATL,0.5555555555555556,4.685185185185185,4.055555555555555,0.5656442624253728,0.4938276236710273,0.49188567268464,NL East
422,2,2018,BAL,0.2901234567901234,3.8395061728395055,5.506172839506172,0.340792930295549,0.5278606124464054,0.5221156429878621,AL East
423,3,2018,BOS,0.6666666666666666,5.407407407407407,3.993827160493827,0.6351850714195733,0.4840940869300141,0.4870235959179711,AL East
424,4,2018,CHC,0.5828220858895705,4.697530864197531,3.9814814814814814,0.5750904390333869,0.4974217495224463,0.497485908510053,NL Central
425,5,2018,CHW,0.382716049382716,4.049382716049383,5.234567901234568,0.3846642164319071,0.4911893561728299,0.4965434812362461,AL Central
426,6,2018,CIN,0.4135802469135802,4.296296296296297,5.055555555555555,0.4260944024112484,0.5161123202213991,0.5143096685472753,NL Central
427,7,2018,CLE,0.5617283950617284,5.049382716049383,4.0,0.6049989027526039,0.468481970497871,0.468479619780649,AL Central
428,8,2018,COL,0.558282208588957,4.814814814814815,4.598765432098766,0.5209913425534081,0.5036006611510417,0.508981005983477,NL West
429,9,2018,DET,0.3950617283950617,3.888888888888889,4.91358024691358,0.394604195499355,0.4881861660231634,0.4928691482062241,AL Central
430,10,2018,HOU,0.6358024691358025,4.919753086419753,3.2962962962962963,0.6754281105398032,0.4979832959774382,0.4937160176323705,AL West
431,11,2018,KCR,0.3580246913580246,3.938271604938272,5.141975308641976,0.3803524545147042,0.4932336402923341,0.4956890108056211,AL Central
432,12,2018,LAA,0.4938271604938271,4.450617283950617,4.45679012345679,0.4993659046043366,0.5132746672800695,0.5135129464236965,AL West
433,13,2018,LAD,0.5644171779141104,4.962962962962963,3.765432098765432,0.6237126701150488,0.5011825799629841,0.4955427775365291,NL West
434,14,2018,MIA,0.391304347826087,3.635802469135802,4.993827160493828,0.358750351347651,0.509053800241738,0.5122520552287012,NL East
435,15,2018,MIL,0.588957055214724,4.654320987654321,4.067901234567901,0.5613010469085081,0.4991579336856042,0.5009969391834097,NL Central
436,16,2018,MIN,0.4814814814814814,4.555555555555555,4.783950617283951,0.4776343987244503,0.4804814456063015,0.4856538243093409,AL Central
437,17,2018,NYM,0.4753086419753086,4.172839506172839,4.364197530864198,0.4794983039309861,0.5016576386025244,0.500563552602281,NL East
438,18,2018,NYY,0.6172839506172839,5.253086419753086,4.12962962962963,0.608342274343906,0.4873710264209454,0.4885873733245016,AL East
439,19,2018,OAK,0.5987654320987654,5.018518518518518,4.160493827160494,0.5849498662045346,0.4982878937914405,0.4997610090749482,AL West
440,20,2018,PHI,0.4938271604938271,4.179012345679013,4.493827160493828,0.4668207081322085,0.4967653722545283,0.4995045627582039,NL East
441,21,2018,PIT,0.5093167701863354,4.271604938271605,4.277777777777778,0.4993393504501644,0.4995791998833682,0.4995162357438417,NL Central
442,22,2018,SDP,0.4074074074074074,3.808641975308642,4.734567901234568,0.4017351441055672,0.5143788889860539,0.5163969842232753,NL West
443,23,2018,SEA,0.5493827160493827,4.179012345679013,4.388888888888889,0.4775969807660702,0.5072000097246879,0.5148946562547492,AL West
444,24,2018,SFG,0.4506172839506173,3.7222222222222223,4.314814814814815,0.432820586272458,0.5130069131070216,0.5156994315689895,NL West
445,25,2018,STL,0.5432098765432098,4.685185185185185,4.265432098765432,0.542836574569076,0.4982053858151952,0.4971783022786501,NL Central
446,26,2018,TBR,0.5555555555555556,4.419753086419753,3.9876543209876543,0.5469293629281835,0.4957456114192555,0.4956098345256833,AL East
447,27,2018,TEX,0.4135802469135802,4.549382716049383,5.234567901234568,0.4361663089579811,0.520350079433873,0.5182660866911853,AL West
448,28,2018,TOR,0.4506172839506173,4.376543209876544,5.135802469135802,0.427328857887142,0.5087705347143524,0.5102195729999587,AL East
449,29,2018,WSN,0.5061728395061729,4.75925925925926,4.209876543209877,0.5558819262195488,0.4941354985726209,0.4888846781409291,NL East
450,0,2019,ARI,0.5246913580246914,5.018518518518518,4.58641975308642,0.5410981092098548,0.5032007315957928,0.5001184462096724,NL West
451,1,2019,ATL,0.5987654320987654,5.277777777777778,4.58641975308642,0.5638844015224265,0.4888819307767236,0.4932880461739387,NL East
452,2,2019,BAL,0.3333333333333333,4.5,6.055555555555555,0.3674145184493694,0.516031348425336,0.5155330471673212,AL East
453,3,2019,BOS,0.5185185185185185,5.561728395061729,5.111111111111111,0.5385783085442879,0.4917380701510238,0.4922056739331295,AL East
454,4,2019,CHC,0.5185185185185185,5.024691358024692,4.425925925925926,0.5577902507046991,0.5035356203275325,0.4994084969646766,NL Central
455,5,2019,CHW,0.4472049689440994,4.37037037037037,5.135802469135802,0.4266968869950081,0.4875878165822694,0.4912567897506162,AL Central
456,6,2019,CIN,0.4629629629629629,4.327160493827161,4.388888888888889,0.4935200845027688,0.5122313671696382,0.5092699285823805,NL Central
457,7,2019,CLE,0.5740740740740741,4.746913580246914,4.055555555555555,0.5715198297127254,0.4715380078593529,0.4730126027895248,AL Central
458,8,2019,COL,0.4382716049382716,5.154320987654321,5.91358024691358,0.4374613762285287,0.5166133211400696,0.5164350307329649,NL West
459,9,2019,DET,0.2919254658385093,3.592592592592593,5.648148148148148,0.3040702163516811,0.5008020762628023,0.5000203768550311,AL Central
460,10,2019,HOU,0.6604938271604939,5.679012345679013,3.950617283950617,0.6601846200913163,0.4860224780156784,0.4851725963820184,AL West
461,11,2019,KCR,0.3641975308641975,4.265432098765432,5.364197530864198,0.3966502723521637,0.5002683843263547,0.496416836540077,AL Central
462,12,2019,LAA,0.4444444444444444,4.746913580246914,5.3580246913580245,0.4448220536558117,0.5147798349176049,0.5151413095798563,AL West
463,13,2019,LAD,0.654320987654321,5.469135802469136,3.783950617283951,0.6624170728678764,0.4880734644109125,0.4867669979692314,NL West
464,14,2019,MIA,0.3518518518518518,3.796296296296296,4.987654320987654,0.3776629215172612,0.5248901612293986,0.5207884645684506,NL East
465,15,2019,MIL,0.5493827160493827,4.746913580246914,4.728395061728395,0.5017882682675076,0.5047248894985515,0.5109545964612492,NL Central
466,16,2019,MIN,0.6234567901234568,5.796296296296297,4.654320987654321,0.599058636608029,0.4692898749527837,0.4712287999404289,AL Central
467,17,2019,NYM,0.5308641975308642,4.882716049382716,4.549382716049383,0.5323047956156277,0.5061430190254661,0.5047565968793721,NL East
468,18,2019,NYY,0.6358024691358025,5.820987654320987,4.561728395061729,0.609710647293766,0.4806768018433786,0.4872119501770729,AL East
469,19,2019,OAK,0.5987654320987654,5.216049382716049,4.197530864197531,0.5981003713374518,0.4915305101384895,0.4910308937255943,AL West
470,20,2019,PHI,0.5,4.777777777777778,4.901234567901234,0.4883305681292788,0.5042108412120931,0.5053057108930263,NL East
471,21,2019,PIT,0.4259259259259259,4.679012345679013,5.6234567901234565,0.4166689344645135,0.5107898072650259,0.5128118449476837,NL Central
472,22,2019,SDP,0.4320987654320987,4.209876543209877,4.87037037037037,0.4337178871987309,0.5112787684804141,0.5111604842820461,NL West
473,23,2019,SEA,0.419753086419753,4.679012345679013,5.512345679012346,0.4255714547055982,0.5114588747170599,0.511289276869143,AL West
474,24,2019,SFG,0.4753086419753086,4.185185185185185,4.771604938271605,0.4402934672781474,0.5108215211095865,0.5147367947408268,NL West
475,25,2019,STL,0.5617283950617284,4.716049382716049,4.08641975308642,0.5651876120605868,0.4972565157750338,0.4987196444751461,NL Central
476,26,2019,TBR,0.5925925925925926,4.746913580246914,4.049382716049383,0.5722023123705239,0.4843177405353103,0.4906705952205978,AL East
477,27,2019,TEX,0.4814814814814814,5.0,5.419753086419753,0.4631865896348482,0.506511278295139,0.5091790784815557,AL West
478,28,2019,TOR,0.4135802469135802,4.481481481481482,5.111111111111111,0.4401440286612767,0.5070939610213179,0.5061295570528482,AL East
479,29,2019,WSN,0.5740740740740741,5.388888888888889,4.469135802469136,0.5847913177412034,0.4915281434336717,0.4902964376820241,NL East
480,0,2020,ARI,0.4166666666666667,1.660493827160494,1.820987654320988,0.4578892242546643,0.5319444444444442,0.5292104030404663,NL West
481,1,2020,ATL,0.5833333333333334,2.1481481481481484,1.7777777777777777,0.5857231722774056,0.4769444444444442,0.4810539084256088,NL East
482,2,2020,BAL,0.4166666666666667,1.691358024691358,1.8148148148148149,0.4678129373558785,0.5174999999999997,0.5088059927555967,AL East
483,3,2020,BOS,0.4,1.8024691358024687,2.1666666666666665,0.4165920276331681,0.5269444444444442,0.5232197047983362,AL East
484,4,2020,CHC,0.5666666666666667,1.6358024691358024,1.4814814814814814,0.5452102688437729,0.4815900383141761,0.487393655827667,NL Central
485,5,2020,CHW,0.5833333333333334,1.8888888888888888,1.5185185185185186,0.5985444624927413,0.4972318007662833,0.4988308958978919,AL Central
486,6,2020,CIN,0.5166666666666667,1.5,1.5,0.5,0.4805842911877392,0.4844978733037732,NL Central
487,7,2020,CLE,0.5833333333333334,1.530864197530864,1.2901234567901234,0.5776424685232306,0.4894540229885056,0.4967376668648401,AL Central
488,8,2020,COL,0.4333333333333333,1.6975308641975309,2.1790123456790123,0.3877107011452691,0.5252777777777775,0.5357827691989557,NL West
489,9,2020,DET,0.396551724137931,1.537037037037037,1.962962962962963,0.3899279158689542,0.5119636015325669,0.5166040108136902,AL Central
490,10,2020,HOU,0.4833333333333333,1.7222222222222223,1.6975308641975309,0.5066062285462629,0.4816666666666664,0.4772949519651396,AL West
491,11,2020,KCR,0.4333333333333333,1.530864197530864,1.6790123456790125,0.4578395549090431,0.5244827586206895,0.5246425623856397,AL Central
492,12,2020,LAA,0.4333333333333333,1.8148148148148149,1.9814814814814812,0.4598898040111578,0.5041666666666664,0.4983904772668782,AL West
493,13,2020,LAD,0.7166666666666667,2.154320987654321,1.3148148148148149,0.7116922203627613,0.4788888888888887,0.4845436137808794,NL West
494,14,2020,MIA,0.5166666666666667,1.623456790123457,1.876543209876543,0.4341058091026652,0.4969444444444442,0.5120375026407632,NL East
495,15,2020,MIL,0.4833333333333333,1.5246913580246917,1.6296296296296295,0.4695860437139538,0.4956992337164749,0.4993420202841828,NL Central
496,16,2020,MIN,0.6,1.660493827160494,1.3271604938271604,0.601100882880519,0.4908524904214557,0.4954880357631556,AL Central
497,17,2020,NYM,0.4333333333333333,1.7654320987654322,1.9012345679012344,0.4661474718515376,0.5027777777777777,0.5038143023057685,NL East
498,18,2020,NYY,0.55,1.9444444444444444,1.6666666666666667,0.5700599484585009,0.4969444444444442,0.4936558613132518,AL East
499,19,2020,OAK,0.6,1.691358024691358,1.432098765432099,0.5755409983849042,0.4605555555555553,0.4638348346471902,AL West
500,20,2020,PHI,0.4666666666666667,1.8888888888888888,1.9197530864197527,0.4925854703804213,0.4986111111111109,0.4968641293590418,NL East
501,21,2020,PIT,0.3166666666666666,1.351851851851852,1.839506172839506,0.362696449861644,0.5260344827586205,0.5195035813252293,NL Central
502,22,2020,SDP,0.6166666666666667,2.006172839506173,1.4876543209876545,0.6334907632098253,0.4941666666666665,0.4936852108829151,NL West
503,23,2020,SEA,0.45,1.567901234567901,1.8703703703703705,0.4199912467036916,0.4980555555555553,0.5024335215796912,AL West
504,24,2020,SFG,0.4833333333333333,1.845679012345679,1.8333333333333333,0.5030704427271803,0.5252777777777775,0.5243178626965787,NL West
505,25,2020,STL,0.5172413793103449,1.4814814814814814,1.4135802469135803,0.5214513148970094,0.4687739463601531,0.4705797518325976,NL Central
506,26,2020,TBR,0.6666666666666666,1.7839506172839503,1.4135802469135803,0.6048821504556401,0.4811111111111109,0.4861682952964598,AL East
507,27,2020,TEX,0.3666666666666666,1.382716049382716,1.9259259259259256,0.3528845977539723,0.4999999999999998,0.4992725820409926,AL West
508,28,2020,TOR,0.5333333333333333,1.8641975308641976,1.9259259259259256,0.4851008142527038,0.499722222222222,0.5065288783412579,AL East
509,29,2020,WSN,0.4333333333333333,1.808641975308642,1.8580246913580247,0.4876785175908981,0.5024999999999998,0.4985397441227323,NL East
510,0,2021,ARI,0.3209876543209876,4.191358024691358,5.512345679012346,0.3772218735790169,0.5245983465253455,0.5262090295344292,NL West
511,1,2021,ATL,0.546583850931677,4.876543209876544,4.049382716049383,0.5842259989221426,0.4776237526282253,0.4860152244511035,NL East
512,2,2021,BAL,0.3209876543209876,4.067901234567901,5.901234567901234,0.3360776617519211,0.5298978719536954,0.5284573577870986,AL East
513,3,2021,BOS,0.5679012345679012,5.117283950617284,4.6234567901234565,0.5462946600120997,0.5041223264519019,0.5062190163048479,AL East
514,4,2021,CHC,0.4382716049382716,4.351851851851852,5.179012345679013,0.4210550978796428,0.5024990036172712,0.5032213945938236,NL Central
515,5,2021,CHW,0.5740740740740741,4.91358024691358,3.925925925925926,0.6012444790269948,0.4891022709952746,0.4805283037721858,AL Central
516,6,2021,CIN,0.5123456790123457,4.851851851851852,4.691358024691358,0.5153846913733362,0.4911234369098024,0.4894904579373232,NL Central
517,7,2021,CLE,0.4938271604938271,4.425925925925926,4.487654320987654,0.4936636728320497,0.5015622618503272,0.4958360831899097,AL Central
518,8,2021,COL,0.4596273291925465,4.561728395061729,4.91358024691358,0.4660594468442684,0.5040877725615599,0.5122793970208399,NL West
519,9,2021,DET,0.4753086419753086,4.302469135802469,4.666666666666667,0.4628937426864636,0.5002286236854132,0.4960755971326937,AL Central
520,10,2021,HOU,0.5864197530864198,5.327160493827161,4.061728395061729,0.6215926844772082,0.4973646741852141,0.487604362876971,AL West
521,11,2021,KCR,0.4567901234567901,4.234567901234568,4.864197530864198,0.4369190543654301,0.5059823197683275,0.5021602848877489,AL Central
522,12,2021,LAA,0.4753086419753086,4.462962962962963,4.962962962962963,0.4515703628487574,0.5151036001367004,0.5122978129082253,AL West
523,13,2021,LAD,0.654320987654321,5.1234567901234565,3.462962962962963,0.6719063258767934,0.484644582470669,0.4913098344156816,NL West
524,14,2021,MIA,0.4135802469135802,3.845679012345679,4.327160493827161,0.4462412731389283,0.4976811026193736,0.507068025200086,NL East
525,15,2021,MIL,0.5864197530864198,4.555555555555555,3.845679012345679,0.5768845458637185,0.4818052467005763,0.4808185553706813,NL Central
526,16,2021,MIN,0.4506172839506173,4.5,5.148148148148148,0.4387481451432979,0.5072397500381034,0.5030735365938452,AL Central
527,17,2021,NYM,0.4753086419753086,3.925925925925926,4.1234567901234565,0.4775565947668815,0.4893157477698536,0.500509543028988,NL East
528,18,2021,NYY,0.5679012345679012,4.388888888888889,4.12962962962963,0.5278276434654368,0.5030173119724018,0.5070885439071448,AL East
529,19,2021,OAK,0.5308641975308642,4.58641975308642,4.2407407407407405,0.5357891916275027,0.5066445237763895,0.5001350467254664,AL West
530,20,2021,PHI,0.5061728395061729,4.530864197530864,4.598765432098766,0.4931950208934716,0.4860769122264913,0.4992487341658376,NL East
531,21,2021,PIT,0.3765432098765432,3.759259259259259,5.141975308641976,0.3605024273652805,0.5074906207488059,0.5074536417964112,NL Central
532,22,2021,SDP,0.4876543209876543,4.5,4.37037037037037,0.5133693719709521,0.5047634667870841,0.5120046812565746,NL West
533,23,2021,SEA,0.5555555555555556,4.302469135802469,4.617283950617284,0.467737350520127,0.4979362333987485,0.5030304107535623,AL West
534,24,2021,SFG,0.6604938271604939,4.962962962962963,3.6666666666666665,0.6350579100092171,0.4822440337738239,0.4948387070527174,NL West
535,25,2021,STL,0.5555555555555556,4.3580246913580245,4.148148148148148,0.5225654412095547,0.4849887013511986,0.4869708741748231,NL Central
536,26,2021,TBR,0.6172839506172839,5.290123456790123,4.018518518518518,0.6231919676384517,0.4953375915086413,0.4946029389258618,AL East
537,27,2021,TEX,0.3703703703703703,3.858024691358025,5.030864197530864,0.3808955687659955,0.5212527725946937,0.5139062116463013,AL West
538,28,2021,TOR,0.5617283950617284,5.222222222222222,4.092592592592593,0.6097001992517078,0.5042401883518357,0.4994716367376295,AL East
539,29,2021,WSN,0.4012345679012346,4.469135802469136,5.061728395061729,0.4432805185822881,0.4958521131360631,0.5042444350477246,NL East
540,0,2022,ARI,0.4567901234567901,4.333333333333333,4.567901234567901,0.47590075980712,0.5120408474317935,0.5107902312244447,NL West
541,1,2022,ATL,0.6234567901234568,4.87037037037037,3.759259259259259,0.6163004910443546,0.4856729157140675,0.4869764746334664,NL East
542,2,2022,BAL,0.5123456790123457,4.160493827160494,4.246913580246914,0.4905954916628726,0.5070492303002586,0.5112946641893338,AL East
543,3,2022,BOS,0.4814814814814814,4.537037037037037,4.8580246913580245,0.4687670486565465,0.51733729614388,0.5206224032287853,AL East
544,4,2022,CHC,0.4567901234567901,4.055555555555555,4.512345679012346,0.4513259168408482,0.4960371894528267,0.4954432393660722,NL Central
545,5,2022,CHW,0.5,4.234567901234568,4.425925925925926,0.4797903340722129,0.489673830208809,0.4902514564447443,AL Central
546,6,2022,CIN,0.382716049382716,4.0,5.030864197530864,0.3966090549243186,0.5051821368693791,0.502603863544982,NL Central
547,7,2022,CLE,0.5679012345679012,4.308641975308642,3.91358024691358,0.5438846315322664,0.4810623380582223,0.4818935154215011,AL Central
548,8,2022,COL,0.419753086419753,4.308641975308642,5.388888888888889,0.3990557326372277,0.5139460448102418,0.5185465373598918,NL West
549,9,2022,DET,0.4074074074074074,3.438271604938272,4.401234567901234,0.3889194311020988,0.4996951684194477,0.4994351013857848,AL Central
550,10,2022,HOU,0.654320987654321,4.549382716049383,3.197530864197531,0.6559462939914376,0.4790047248894981,0.4847828900210517,AL West
551,11,2022,KCR,0.4012345679012346,3.950617283950617,5.0,0.3938670560014272,0.506477671086724,0.5057368696556728,AL Central
552,12,2022,LAA,0.4506172839506173,3.845679012345679,4.1234567901234565,0.4681364325807614,0.5083066605700344,0.5124140088920089,AL West
553,13,2022,LAD,0.6851851851851852,5.228395061728395,3.1666666666666665,0.714554361440871,0.4825102880658431,0.4806879293654466,NL West
554,14,2022,MIA,0.4259259259259259,3.617283950617284,4.172839506172839,0.435005305263599,0.5119265355890865,0.5121264117167327,NL East
555,15,2022,MIL,0.5308641975308642,4.4753086419753085,4.246913580246914,0.5239468037934859,0.4857872275567743,0.4868346829579997,NL Central
556,16,2022,MIN,0.4814814814814814,4.296296296296297,4.222222222222222,0.5079560507113081,0.4961133973479646,0.4912269839748958,AL Central
557,17,2022,NYM,0.6234567901234568,4.765432098765432,3.740740740740741,0.6089858661919584,0.4919219631153783,0.495736158791127,NL East
558,18,2022,NYY,0.6111111111111112,4.981481481481482,3.5,0.6560915360582594,0.50182898948331,0.497859512308925,AL East
559,19,2022,OAK,0.3703703703703703,3.506172839506173,4.753086419753086,0.3642853185350685,0.5141746684956554,0.5208182877643428,AL West
560,20,2022,PHI,0.5370370370370371,4.611111111111111,4.228395061728395,0.5395578575500732,0.499390336838896,0.5001809882825262,NL East
561,21,2022,PIT,0.382716049382716,3.648148148148149,5.04320987654321,0.3560393801636713,0.5016384697454651,0.5040404006492069,NL Central
562,22,2022,SDP,0.5493827160493827,4.351851851851852,4.074074074074074,0.5301391870751112,0.5012955342173444,0.504205403647739,NL West
563,23,2022,SEA,0.5555555555555556,4.25925925925926,3.845679012345679,0.5465957767002827,0.4913504039018437,0.4976520774638336,AL West
564,24,2022,SFG,0.5,4.419753086419753,4.302469135802469,0.5123018677731105,0.5035055631763445,0.5027591179885093,NL West
565,25,2022,STL,0.5740740740740741,4.765432098765432,3.932098765432099,0.5870426744707236,0.4792333485749118,0.4769548454231461,NL Central
566,26,2022,TBR,0.5308641975308642,4.111111111111111,3.7901234567901234,0.5371239000272194,0.5059061118731896,0.5070714211120998,AL East
567,27,2022,TEX,0.419753086419753,4.364197530864198,4.58641975308642,0.4772937175954485,0.5051440329218102,0.503937770603773,AL West
568,28,2022,TOR,0.5679012345679012,4.783950617283951,4.191358024691358,0.560207119163598,0.5061728395061724,0.5086330665586739,AL East
569,29,2022,WSN,0.3395061728395062,3.7222222222222223,5.277777777777778,0.345470993554805,0.5206142356348112,0.5201800769453551,NL East
570,0,2023,ARI,0.5185185185185185,4.604938271604938,4.697530864197531,0.4908932080847504,0.5007372285507904,0.5031758997037399,NL West
571,1,2023,ATL,0.6419753086419753,5.845679012345679,4.419753086419753,0.6252055269618678,0.4952277764050886,0.4924059970856931,NL East
572,2,2023,BAL,0.6234567901234568,4.981481481481482,4.185185185185185,0.5790178265076038,0.4977116331115254,0.5005034901772025,AL East
573,3,2023,BOS,0.4814814814814814,4.765432098765432,4.790123456790123,0.4976356712750376,0.511467158183923,0.5102915028460668,AL East
574,4,2023,CHC,0.5123456790123457,5.055555555555555,4.462962962962963,0.5567926025277508,0.500414883354586,0.4942713619055324,NL Central
575,5,2023,CHW,0.3765432098765432,3.95679012345679,5.191358024691358,0.3782556203757855,0.4950443567816975,0.4995640879366229,AL Central
576,6,2023,CIN,0.5061728395061729,4.833333333333333,5.067901234567901,0.4783324645043755,0.5009864425681205,0.50015660287859,NL Central
577,7,2023,CLE,0.4691358024691358,4.08641975308642,4.302469135802469,0.4764471105780241,0.4890620370133696,0.49241170156867,AL Central
578,8,2023,COL,0.3641975308641975,4.450617283950617,5.907407407407407,0.3732754326478164,0.5138854571669024,0.5123719081617853,NL West
579,9,2023,DET,0.4814814814814814,4.080246913580247,4.567901234567901,0.448532858736036,0.4867758001592315,0.4933004393635456,AL Central
580,10,2023,HOU,0.5555555555555556,5.104938271604938,4.308641975308642,0.5769686478855739,0.488490477799835,0.4914986297305502,AL West
581,11,2023,KCR,0.345679012345679,4.172839506172839,5.302469135802469,0.3921166106417557,0.4986642318007495,0.4994470266606085,AL Central
582,12,2023,LAA,0.4506172839506173,4.561728395061729,5.117283950617284,0.447616011382168,0.4987023357483185,0.5035271585452816,AL West
583,13,2023,LAD,0.6172839506172839,5.592592592592593,4.314814814814815,0.6164911031785457,0.4923368464699646,0.4920821142672142,NL West
584,14,2023,MIA,0.5217391304347826,4.1234567901234565,4.462962962962963,0.4638652274145957,0.5049525665020382,0.5048759397645275,NL East
585,15,2023,MIL,0.5679012345679012,4.493827160493828,3.993827160493827,0.5537557356842684,0.4962989470056919,0.495135418679518,NL Central
586,16,2023,MIN,0.5370370370370371,4.802469135802469,4.067901234567901,0.5753676448815706,0.4834988606683003,0.4849376676867898,AL Central
587,17,2023,NYM,0.4596273291925465,4.425925925925926,4.512345679012346,0.4911539623768621,0.5103559902718962,0.5027859940663736,NL East
588,18,2023,NYY,0.5061728395061729,4.154320987654321,4.308641975308642,0.4833194412224259,0.5098462020541101,0.5118631840007379,AL East
589,19,2023,OAK,0.3086419753086419,3.611111111111111,5.703703703703703,0.3022738258081782,0.5101716239665779,0.5148443998317808,AL West
590,20,2023,PHI,0.5555555555555556,4.91358024691358,4.41358024691358,0.5489401682211753,0.5022007988102096,0.4983021200431463,NL East
591,21,2023,PIT,0.4691358024691358,4.271604938271605,4.876543209876544,0.4397004156088278,0.5053882768590224,0.504289721636287,NL Central
592,22,2023,SDP,0.5061728395061729,4.641975308641976,4.0,0.5676789382157019,0.5031583675795516,0.4981215264262073,NL West
593,23,2023,SEA,0.5432098765432098,4.679012345679013,4.067901234567901,0.563683869222833,0.4906624028112661,0.4947024727206995,AL West
594,24,2023,SFG,0.4876543209876543,4.160493827160494,4.438271604938271,0.4704656263022777,0.501308787764325,0.5022952786578596,NL West
595,25,2023,STL,0.4382716049382716,4.438271604938271,5.117283950617284,0.4352367208973818,0.5062059733736237,0.5038163342532992,NL Central
596,26,2023,TBR,0.6111111111111112,5.308641975308642,4.104938271604938,0.6155200759442809,0.4983792805406685,0.4976397957535364,AL East
597,27,2023,TEX,0.5555555555555556,5.438271604938271,4.419753086419753,0.5937526842456564,0.4904337791258523,0.4917914353769863,AL West
598,28,2023,TOR,0.5493827160493827,4.604938271604938,4.141975308641976,0.548323772951716,0.5057134621010088,0.5060446229573164,AL East
599,29,2023,WSN,0.4382716049382716,4.320987654320987,5.216049382716049,0.4147146009158526,0.5118029935975896,0.5088795725145118,NL East
