,season,team,season-w,wpct-Apr,wpct-May,wpct-Jun,wpct-Jul,wpct-Aug,wpct-Sep
0,1998,ATL,106,0.6538461538461539,0.7,0.5769230769230769,0.6666666666666666,0.6428571428571429,0.6666666666666666
1,1998,HOU,102,0.6538461538461539,0.5714285714285714,0.6296296296296297,0.5555555555555556,0.7586206896551724,0.625
2,1998,SDP,98,0.72,0.5333333333333333,0.6666666666666666,0.6923076923076923,0.6206896551724138,0.375
3,1998,NYM,88,0.5,0.6923076923076923,0.4444444444444444,0.4642857142857143,0.625,0.5
4,1998,LAD,83,0.56,0.43333333333333335,0.5,0.6296296296296297,0.3793103448275862,0.625
5,1998,NYY,114,0.7391304347826086,0.7407407407407407,0.7307692307692307,0.7407407407407407,0.6875,0.5925925925925926
6,1998,PIT,69,0.4074074074074074,0.5172413793103449,0.48148148148148145,0.4230769230769231,0.5384615384615384,0.18518518518518517
7,1998,SFG,89,0.5,0.6333333333333333,0.5555555555555556,0.4,0.5517241379310345,0.6
8,1998,BOS,92,0.6923076923076923,0.48148148148148145,0.6296296296296297,0.5555555555555556,0.6071428571428571,0.4444444444444444
9,1998,TOR,88,0.38461538461538464,0.6206896551724138,0.5,0.4444444444444444,0.6296296296296297,0.68
10,1998,STL,83,0.5769230769230769,0.4444444444444444,0.4074074074074074,0.4444444444444444,0.4827586206896552,0.72
11,1998,TBD,63,0.48,0.42857142857142855,0.37037037037037035,0.36,0.3333333333333333,0.38461538461538464
12,1998,MON,65,0.28,0.43333333333333335,0.5,0.32142857142857145,0.36666666666666664,0.5217391304347826
13,1998,CIN,77,0.48,0.4838709677419355,0.2962962962962963,0.5,0.6071428571428571,0.5
14,1998,CLE,89,0.52,0.6428571428571429,0.5384615384615384,0.5714285714285714,0.4642857142857143,0.5384615384615384
15,1998,ANA,85,0.5769230769230769,0.4444444444444444,0.7857142857142857,0.3333333333333333,0.6,0.375
16,1998,CHC,90,0.5384615384615384,0.6071428571428571,0.4444444444444444,0.6785714285714286,0.5,0.56
17,1998,MIL,74,0.6666666666666666,0.42857142857142855,0.5555555555555556,0.41379310344827586,0.32142857142857145,0.4
18,1998,ARI,65,0.2692307692307692,0.3448275862068966,0.4444444444444444,0.4230769230769231,0.4482758620689655,0.5
19,1998,PHI,75,0.5,0.4642857142857143,0.5555555555555556,0.5555555555555556,0.3548387096774194,0.375
20,1998,BAL,79,0.5384615384615384,0.39285714285714285,0.42857142857142855,0.6923076923076923,0.5,0.4
21,1998,MIN,70,0.4074074074074074,0.5,0.5,0.5,0.3103448275862069,0.38461538461538464
22,1998,OAK,74,0.46153846153846156,0.37037037037037035,0.5357142857142857,0.4074074074074074,0.5,0.4583333333333333
23,1998,DET,65,0.21739130434782608,0.5555555555555556,0.35714285714285715,0.4642857142857143,0.26666666666666666,0.52
24,1998,SEA,76,0.46153846153846156,0.5,0.2857142857142857,0.56,0.5,0.56
25,1998,TEX,88,0.72,0.5357142857142857,0.4642857142857143,0.4230769230769231,0.5517241379310345,0.6
26,1998,COL,77,0.4074074074074074,0.42857142857142855,0.4642857142857143,0.44,0.5172413793103449,0.5833333333333334
27,1998,KCR,72,0.4230769230769231,0.34615384615384615,0.5357142857142857,0.4444444444444444,0.5517241379310345,0.3333333333333333
28,1998,FLA,54,0.3076923076923077,0.2857142857142857,0.4444444444444444,0.35714285714285715,0.2857142857142857,0.2916666666666667
29,1998,CHW,80,0.375,0.42857142857142855,0.39285714285714285,0.5384615384615384,0.5,0.72
30,1999,ATL,103,0.6818181818181818,0.5517241379310345,0.5925925925925926,0.5714285714285714,0.75,0.68
31,1999,ARI,100,0.5416666666666666,0.6428571428571429,0.46153846153846156,0.5925925925925926,0.7142857142857143,0.7307692307692307
32,1999,HOU,97,0.5909090909090909,0.5925925925925926,0.5714285714285714,0.6785714285714286,0.5172413793103449,0.64
33,1999,CIN,96,0.42857142857142855,0.6153846153846154,0.6666666666666666,0.5714285714285714,0.5862068965517241,0.6785714285714286
34,1999,BOS,94,0.5,0.7142857142857143,0.5185185185185185,0.4230769230769231,0.6206896551724138,0.6296296296296297
35,1999,NYY,98,0.6666666666666666,0.5357142857142857,0.6538461538461539,0.5925925925925926,0.6551724137931034,0.5357142857142857
36,1999,NYM,97,0.6086956521739131,0.4642857142857143,0.6296296296296297,0.6666666666666666,0.6428571428571429,0.5
37,1999,PIT,78,0.42857142857142855,0.5862068965517241,0.5,0.4074074074074074,0.5333333333333333,0.48
38,1999,LAD,77,0.5652173913043478,0.48148148148148145,0.32,0.3793103448275862,0.6071428571428571,0.5185185185185185
39,1999,SDP,74,0.4090909090909091,0.37037037037037035,0.6666666666666666,0.4444444444444444,0.4,0.46153846153846156
40,1999,MON,68,0.3333333333333333,0.4074074074074074,0.46153846153846156,0.3076923076923077,0.5625,0.37037037037037035
41,1999,SFG,86,0.6666666666666666,0.4074074074074074,0.5925925925925926,0.5,0.5357142857142857,0.48148148148148145
42,1999,STL,75,0.5714285714285714,0.4444444444444444,0.42857142857142855,0.5555555555555556,0.41379310344827586,0.4
43,1999,OAK,87,0.4166666666666667,0.6296296296296297,0.38461538461538464,0.6153846153846154,0.6551724137931034,0.48148148148148145
44,1999,BAL,78,0.2727272727272727,0.4642857142857143,0.5,0.5185185185185185,0.42857142857142855,0.7142857142857143
45,1999,ANA,70,0.4782608695652174,0.4642857142857143,0.4230769230769231,0.32,0.27586206896551724,0.5714285714285714
46,1999,FLA,64,0.2608695652173913,0.37037037037037035,0.4074074074074074,0.5185185185185185,0.4444444444444444,0.37037037037037035
47,1999,CLE,97,0.7272727272727273,0.6296296296296297,0.6296296296296297,0.48148148148148145,0.6428571428571429,0.5714285714285714
48,1999,CHW,75,0.55,0.4074074074074074,0.5357142857142857,0.4074074074074074,0.45161290322580644,0.4230769230769231
49,1999,TOR,84,0.5416666666666666,0.39285714285714285,0.5357142857142857,0.7307692307692307,0.42857142857142855,0.44
50,1999,PHI,77,0.5,0.5185185185185185,0.5555555555555556,0.6071428571428571,0.37037037037037035,0.32142857142857145
51,1999,MIN,63,0.391304347826087,0.3333333333333333,0.4230769230769231,0.5769230769230769,0.42857142857142855,0.25
52,1999,TBD,69,0.5,0.4074074074074074,0.38461538461538464,0.37037037037037035,0.5714285714285714,0.3333333333333333
53,1999,TEX,95,0.5652173913043478,0.6296296296296297,0.5357142857142857,0.64,0.6,0.6153846153846154
54,1999,MIL,74,0.4090909090909091,0.5,0.46153846153846156,0.5384615384615384,0.27586206896551724,0.5555555555555556
55,1999,DET,69,0.4782608695652174,0.35714285714285715,0.4444444444444444,0.34615384615384615,0.4074074074074074,0.5357142857142857
56,1999,SEA,79,0.4782608695652174,0.5555555555555556,0.48148148148148145,0.4230769230769231,0.5517241379310345,0.4444444444444444
57,1999,CHC,67,0.5,0.6296296296296297,0.37037037037037035,0.4074074074074074,0.2,0.39285714285714285
58,1999,KCR,64,0.45,0.4827586206896552,0.3333333333333333,0.4074074074074074,0.27586206896551724,0.4444444444444444
59,1999,COL,72,0.47368421052631576,0.41379310344827586,0.5,0.4,0.4666666666666667,0.44
60,2000,ATL,95,0.75,0.6296296296296297,0.4642857142857143,0.6538461538461539,0.4827586206896552,0.5925925925925926
61,2000,LAD,86,0.5833333333333334,0.5384615384615384,0.4642857142857143,0.5384615384615384,0.5,0.5925925925925926
62,2000,NYM,94,0.625,0.48148148148148145,0.6666666666666666,0.5185185185185185,0.6896551724137931,0.5
63,2000,SFG,97,0.43478260869565216,0.5555555555555556,0.5,0.7037037037037037,0.6551724137931034,0.6896551724137931
64,2000,BOS,85,0.5714285714285714,0.6296296296296297,0.3333333333333333,0.5925925925925926,0.5357142857142857,0.5161290322580645
65,2000,CIN,85,0.5,0.5925925925925926,0.37037037037037035,0.5925925925925926,0.4642857142857143,0.6428571428571429
66,2000,ARI,85,0.64,0.6296296296296297,0.48148148148148145,0.46153846153846156,0.5555555555555556,0.41379310344827586
67,2000,STL,95,0.68,0.48148148148148145,0.6153846153846154,0.4230769230769231,0.6071428571428571,0.6785714285714286
68,2000,SDP,76,0.44,0.48148148148148145,0.44,0.4444444444444444,0.6206896551724138,0.37037037037037035
69,2000,SEA,91,0.5652173913043478,0.48148148148148145,0.7037037037037037,0.5714285714285714,0.37037037037037035,0.6428571428571429
70,2000,OAK,91,0.48,0.5357142857142857,0.72,0.48148148148148145,0.4074074074074074,0.75
71,2000,FLA,79,0.5,0.39285714285714285,0.5769230769230769,0.48,0.48148148148148145,0.5
72,2000,MIL,73,0.375,0.4482758620689655,0.38461538461538464,0.4444444444444444,0.5185185185185185,0.5357142857142857
73,2000,CHW,95,0.68,0.48148148148148145,0.7407407407407407,0.5384615384615384,0.5357142857142857,0.5714285714285714
74,2000,DET,79,0.2608695652173913,0.46153846153846156,0.5555555555555556,0.5357142857142857,0.6428571428571429,0.41379310344827586
75,2000,NYY,87,0.6521739130434783,0.5,0.4,0.6923076923076923,0.6206896551724138,0.43333333333333335
76,2000,PHI,65,0.2916666666666667,0.4074074074074074,0.5769230769230769,0.48148148148148145,0.35714285714285715,0.3103448275862069
77,2000,CLE,90,0.6190476190476191,0.5,0.4482758620689655,0.5,0.6428571428571429,0.6129032258064516
78,2000,TBD,69,0.375,0.2962962962962963,0.5769230769230769,0.46153846153846156,0.5,0.3333333333333333
79,2000,PIT,69,0.375,0.5185185185185185,0.4074074074074074,0.44,0.27586206896551724,0.5517241379310345
80,2000,ANA,82,0.5,0.5185185185185185,0.5384615384615384,0.5714285714285714,0.4230769230769231,0.5
81,2000,MON,67,0.6086956521739131,0.46153846153846156,0.46153846153846156,0.3333333333333333,0.2857142857142857,0.3870967741935484
82,2000,MIN,69,0.4230769230769231,0.48148148148148145,0.42857142857142855,0.4444444444444444,0.44,0.35714285714285715
83,2000,TOR,83,0.46153846153846156,0.5714285714285714,0.6153846153846154,0.4074074074074074,0.5769230769230769,0.4642857142857143
84,2000,CHC,65,0.36,0.38461538461538464,0.48,0.6538461538461539,0.3103448275862069,0.21428571428571427
85,2000,COL,82,0.44,0.68,0.6,0.2413793103448276,0.6206896551724138,0.4642857142857143
86,2000,BAL,74,0.5833333333333334,0.34615384615384615,0.37037037037037035,0.48148148148148145,0.4827586206896552,0.4642857142857143
87,2000,HOU,72,0.391304347826087,0.3448275862068966,0.2962962962962963,0.46153846153846156,0.5714285714285714,0.5714285714285714
88,2000,KCR,77,0.48,0.5384615384615384,0.4230769230769231,0.37037037037037035,0.5172413793103449,0.5
89,2000,TEX,71,0.375,0.6428571428571429,0.4,0.5,0.3,0.42857142857142855
90,2001,SEA,116,0.8,0.7407407407407407,0.6666666666666666,0.6666666666666666,0.6896551724137931,0.7142857142857143
91,2001,OAK,102,0.32,0.6666666666666666,0.4444444444444444,0.7037037037037037,0.7586206896551724,0.8095238095238095
92,2001,ATL,88,0.46153846153846156,0.5384615384615384,0.6785714285714286,0.5769230769230769,0.42857142857142855,0.5454545454545454
93,2001,ARI,92,0.52,0.6428571428571429,0.6666666666666666,0.4230769230769231,0.6206896551724138,0.47619047619047616
94,2001,STL,93,0.5,0.6071428571428571,0.4074074074074074,0.52,0.6785714285714286,0.7727272727272727
95,2001,CHC,88,0.625,0.5925925925925926,0.5357142857142857,0.6153846153846154,0.4482758620689655,0.45454545454545453
96,2001,NYY,95,0.5384615384615384,0.6,0.5925925925925926,0.6785714285714286,0.5172413793103449,0.6666666666666666
97,2001,NYM,82,0.4,0.41379310344827586,0.4642857142857143,0.56,0.5357142857142857,0.7619047619047619
98,2001,PHI,86,0.5833333333333334,0.7142857142857143,0.42857142857142855,0.4230769230769231,0.5,0.5
99,2001,BOS,82,0.64,0.5,0.6071428571428571,0.5384615384615384,0.39285714285714285,0.2857142857142857
100,2001,SFG,90,0.5,0.4827586206896552,0.6296296296296297,0.5555555555555556,0.5714285714285714,0.5714285714285714
101,2001,ANA,75,0.4,0.5185185185185185,0.5185185185185185,0.5925925925925926,0.5172413793103449,0.2857142857142857
102,2001,LAD,86,0.6,0.5357142857142857,0.48148148148148145,0.6666666666666666,0.42857142857142855,0.42857142857142855
103,2001,TOR,80,0.64,0.35714285714285715,0.4444444444444444,0.4074074074074074,0.5714285714285714,0.5
104,2001,FLA,76,0.4166666666666667,0.5357142857142857,0.5517241379310345,0.5,0.3103448275862069,0.5
105,2001,HOU,93,0.5,0.5185185185185185,0.5555555555555556,0.6071428571428571,0.75,0.5454545454545454
106,2001,MIN,85,0.75,0.5925925925925926,0.5,0.4444444444444444,0.3793103448275862,0.47619047619047616
107,2001,SDP,79,0.4,0.6071428571428571,0.35714285714285715,0.56,0.5714285714285714,0.47619047619047616
108,2001,CHW,83,0.34782608695652173,0.4444444444444444,0.6666666666666666,0.48148148148148145,0.5862068965517241,0.6086956521739131
109,2001,CLE,91,0.6086956521739131,0.7037037037037037,0.4444444444444444,0.5357142857142857,0.5517241379310345,0.6190476190476191
110,2001,MIL,68,0.5416666666666666,0.5357142857142857,0.4230769230769231,0.23076923076923078,0.4827586206896552,0.2608695652173913
111,2001,MON,68,0.44,0.3448275862068966,0.4444444444444444,0.46153846153846156,0.48148148148148145,0.3181818181818182
112,2001,BAL,63,0.46153846153846156,0.46153846153846156,0.5,0.2222222222222222,0.4074074074074074,0.35
113,2001,CIN,66,0.5833333333333334,0.21428571428571427,0.4444444444444444,0.38461538461538464,0.39285714285714285,0.5
114,2001,KCR,65,0.4,0.35714285714285715,0.5,0.3333333333333333,0.41379310344827586,0.3333333333333333
115,2001,TBD,62,0.3076923076923077,0.25925925925925924,0.3333333333333333,0.4230769230769231,0.4482758620689655,0.45
116,2001,DET,66,0.34782608695652173,0.5185185185185185,0.37037037037037035,0.5185185185185185,0.3103448275862069,0.391304347826087
117,2001,PIT,62,0.391304347826087,0.2857142857142857,0.4444444444444444,0.4444444444444444,0.2857142857142857,0.391304347826087
118,2001,COL,73,0.5416666666666666,0.4482758620689655,0.4444444444444444,0.2692307692307692,0.5185185185185185,0.5217391304347826
119,2001,TEX,73,0.44,0.2962962962962963,0.4444444444444444,0.6296296296296297,0.4482758620689655,0.5238095238095238
120,2002,ATL,101,0.4444444444444444,0.6428571428571429,0.8076923076923077,0.6923076923076923,0.5925925925925926,0.6153846153846154
121,2002,SFG,95,0.5769230769230769,0.5555555555555556,0.5555555555555556,0.5185185185185185,0.6428571428571429,0.6923076923076923
122,2002,ANA,99,0.4583333333333333,0.7307692307692307,0.5862068965517241,0.6153846153846154,0.6206896551724138,0.6666666666666666
123,2002,OAK,103,0.5769230769230769,0.37037037037037035,0.75,0.5555555555555556,0.8571428571428571,0.6923076923076923
124,2002,LAD,92,0.6153846153846154,0.5357142857142857,0.7037037037037037,0.38461538461538464,0.6428571428571429,0.5185185185185185
125,2002,STL,97,0.46153846153846156,0.6428571428571429,0.5,0.6538461538461539,0.5483870967741935,0.7777777777777778
126,2002,BOS,93,0.6956521739130435,0.7142857142857143,0.38461538461538464,0.5862068965517241,0.4444444444444444,0.6206896551724138
127,2002,NYY,103,0.6296296296296297,0.6785714285714286,0.5384615384615384,0.68,0.6071428571428571,0.7037037037037037
128,2002,NYM,75,0.6153846153846154,0.4642857142857143,0.4230769230769231,0.5769230769230769,0.2222222222222222,0.5
129,2002,ARI,98,0.6153846153846154,0.6428571428571429,0.5384615384615384,0.6296296296296297,0.6785714285714286,0.5185185185185185
130,2002,MON,83,0.6153846153846154,0.39285714285714285,0.5769230769230769,0.4074074074074074,0.4642857142857143,0.6296296296296297
131,2002,HOU,84,0.44,0.4642857142857143,0.46153846153846156,0.6666666666666666,0.6206896551724138,0.4444444444444444
132,2002,SEA,93,0.6923076923076923,0.5925925925925926,0.6071428571428571,0.5555555555555556,0.4642857142857143,0.5384615384615384
133,2002,MIN,94,0.5925925925925926,0.5357142857142857,0.5555555555555556,0.7307692307692307,0.5172413793103449,0.5833333333333334
134,2002,PHI,80,0.3333333333333333,0.46153846153846156,0.5769230769230769,0.5185185185185185,0.6428571428571429,0.4444444444444444
135,2002,PIT,72,0.5833333333333334,0.36666666666666664,0.4230769230769231,0.48148148148148145,0.3793103448275862,0.48
136,2002,CIN,78,0.64,0.5517241379310345,0.4230769230769231,0.46153846153846156,0.3793103448275862,0.4444444444444444
137,2002,CHC,67,0.3333333333333333,0.4482758620689655,0.46153846153846156,0.4230769230769231,0.4,0.4074074074074074
138,2002,FLA,79,0.5,0.4482758620689655,0.5769230769230769,0.4230769230769231,0.5185185185185185,0.4642857142857143
139,2002,BAL,67,0.46153846153846156,0.46153846153846156,0.5185185185185185,0.44,0.4666666666666667,0.14285714285714285
140,2002,CHW,81,0.6153846153846154,0.42857142857142855,0.42857142857142855,0.4230769230769231,0.5185185185185185,0.5925925925925926
141,2002,SDP,66,0.5384615384615384,0.3793103448275862,0.3333333333333333,0.44,0.4642857142857143,0.2962962962962963
142,2002,MIL,56,0.3076923076923077,0.35714285714285715,0.4074074074074074,0.34615384615384615,0.35714285714285715,0.2962962962962963
143,2002,TOR,78,0.3333333333333333,0.37037037037037035,0.5555555555555556,0.48148148148148145,0.43333333333333335,0.7037037037037037
144,2002,CLE,74,0.48,0.4642857142857143,0.4230769230769231,0.38461538461538464,0.42857142857142855,0.5357142857142857
145,2002,DET,55,0.32,0.4444444444444444,0.25925925925925924,0.48148148148148145,0.3448275862068966,0.19230769230769232
146,2002,TEX,72,0.4,0.4074074074074074,0.5,0.37037037037037035,0.5555555555555556,0.42857142857142855
147,2002,KCR,62,0.3333333333333333,0.48148148148148145,0.37037037037037035,0.4482758620689655,0.3793103448275862,0.2692307692307692
148,2002,COL,73,0.38461538461538464,0.6551724137931034,0.37037037037037035,0.36,0.4482758620689655,0.46153846153846156
149,2002,TBD,55,0.375,0.32142857142857145,0.37037037037037035,0.25925925925925924,0.3793103448275862,0.34615384615384615
150,2003,LAD,85,0.48148148148148145,0.6296296296296297,0.56,0.3333333333333333,0.6071428571428571,0.5185185185185185
151,2003,OAK,96,0.6296296296296297,0.5185185185185185,0.5555555555555556,0.5769230769230769,0.6896551724137931,0.56
152,2003,SFG,100,0.72,0.5357142857142857,0.5555555555555556,0.7037037037037037,0.5185185185185185,0.6923076923076923
153,2003,SEA,93,0.6296296296296297,0.7037037037037037,0.6296296296296297,0.5,0.4827586206896552,0.52
154,2003,CHC,88,0.5384615384615384,0.5555555555555556,0.4444444444444444,0.46153846153846156,0.5357142857142857,0.7037037037037037
155,2003,ARI,84,0.4444444444444444,0.48148148148148145,0.7692307692307693,0.4074074074074074,0.5,0.5384615384615384
156,2003,HOU,87,0.4230769230769231,0.6,0.52,0.5925925925925926,0.4642857142857143,0.6153846153846154
157,2003,MON,83,0.6153846153846154,0.5714285714285714,0.4444444444444444,0.37037037037037035,0.5517241379310345,0.5
158,2003,NYY,101,0.7692307692307693,0.39285714285714285,0.7407407407407407,0.5833333333333334,0.5862068965517241,0.6666666666666666
159,2003,FLA,91,0.5,0.42857142857142855,0.5925925925925926,0.7083333333333334,0.5,0.6923076923076923
160,2003,PHI,86,0.5555555555555556,0.5,0.64,0.5357142857142857,0.4482758620689655,0.5
161,2003,ATL,101,0.6538461538461539,0.7142857142857143,0.56,0.7142857142857143,0.5714285714285714,0.5384615384615384
162,2003,CHW,86,0.5384615384615384,0.4074074074074074,0.5357142857142857,0.6538461538461539,0.5517241379310345,0.52
163,2003,CLE,68,0.2692307692307692,0.5384615384615384,0.4642857142857143,0.4074074074074074,0.5517241379310345,0.28
164,2003,ANA,77,0.5,0.5,0.5185185185185185,0.4444444444444444,0.4827586206896552,0.4230769230769231
165,2003,MIN,90,0.44,0.6785714285714286,0.4444444444444444,0.38461538461538464,0.6206896551724138,0.7307692307692307
166,2003,BOS,95,0.6923076923076923,0.48148148148148145,0.6153846153846154,0.5925925925925926,0.5172413793103449,0.6538461538461539
167,2003,NYM,66,0.4230769230769231,0.5,0.38461538461538464,0.3333333333333333,0.5555555555555556,0.2692307692307692
168,2003,STL,85,0.5,0.4827586206896552,0.5925925925925926,0.48148148148148145,0.5714285714285714,0.5
169,2003,PIT,75,0.44,0.42857142857142855,0.4166666666666667,0.5357142857142857,0.4642857142857143,0.4642857142857143
170,2003,TOR,86,0.37037037037037035,0.7241379310344828,0.5769230769230769,0.32,0.4642857142857143,0.7307692307692307
171,2003,BAL,71,0.5,0.4827586206896552,0.3076923076923077,0.6,0.3548387096774194,0.38461538461538464
172,2003,SDP,64,0.38461538461538464,0.20689655172413793,0.4444444444444444,0.5384615384615384,0.4642857142857143,0.36
173,2003,TBD,63,0.34615384615384615,0.4074074074074074,0.19230769230769232,0.5384615384615384,0.4482758620689655,0.37037037037037035
174,2003,MIL,68,0.34615384615384615,0.42857142857142855,0.48,0.39285714285714285,0.5714285714285714,0.3076923076923077
175,2003,KCR,83,0.6956521739130435,0.3448275862068966,0.5555555555555556,0.5769230769230769,0.4642857142857143,0.4642857142857143
176,2003,CIN,69,0.4230769230769231,0.5357142857142857,0.48,0.39285714285714285,0.35714285714285715,0.38461538461538464
177,2003,COL,74,0.5555555555555556,0.41379310344827586,0.5357142857142857,0.5185185185185185,0.32142857142857145,0.391304347826087
178,2003,DET,43,0.13043478260869565,0.3793103448275862,0.18518518518518517,0.34615384615384615,0.20689655172413793,0.3333333333333333
179,2003,TEX,71,0.46153846153846156,0.4444444444444444,0.25925925925925924,0.48148148148148145,0.5862068965517241,0.36
180,2004,STL,105,0.5217391304347826,0.5555555555555556,0.6785714285714286,0.8,0.75,0.5714285714285714
181,2004,ATL,96,0.5238095238095238,0.4827586206896552,0.4444444444444444,0.7692307692307693,0.7142857142857143,0.6071428571428571
182,2004,CHC,89,0.5909090909090909,0.5,0.5555555555555556,0.5185185185185185,0.5714285714285714,0.5925925925925926
183,2004,LAD,93,0.6363636363636364,0.48148148148148145,0.46153846153846156,0.75,0.6071428571428571,0.5357142857142857
184,2004,SDP,87,0.625,0.48148148148148145,0.5,0.6296296296296297,0.48148148148148145,0.5357142857142857
185,2004,MIN,92,0.6818181818181818,0.42857142857142855,0.5384615384615384,0.6296296296296297,0.5357142857142857,0.6071428571428571
186,2004,HOU,92,0.5909090909090909,0.5,0.48148148148148145,0.4444444444444444,0.5925925925925926,0.7407407407407407
187,2004,FLA,83,0.6363636363636364,0.5357142857142857,0.4074074074074074,0.4230769230769231,0.6153846153846154,0.4827586206896552
188,2004,NYM,71,0.391304347826087,0.5555555555555556,0.5,0.4444444444444444,0.4074074074074074,0.35714285714285715
189,2004,OAK,91,0.4782608695652174,0.5769230769230769,0.6296296296296297,0.5555555555555556,0.7142857142857143,0.42857142857142855
190,2004,BOS,98,0.7142857142857143,0.5333333333333333,0.44,0.5384615384615384,0.75,0.6428571428571429
191,2004,MIL,67,0.5217391304347826,0.5,0.6,0.3448275862068966,0.2222222222222222,0.35714285714285715
192,2004,ANA,92,0.5652173913043478,0.6296296296296297,0.4074074074074074,0.5555555555555556,0.7037037037037037,0.5357142857142857
193,2004,PIT,72,0.47619047619047616,0.5,0.32142857142857145,0.6296296296296297,0.41379310344827586,0.3333333333333333
194,2004,MON,67,0.20833333333333334,0.4230769230769231,0.38461538461538464,0.5357142857142857,0.5357142857142857,0.3333333333333333
195,2004,SFG,91,0.4166666666666667,0.6153846153846154,0.6428571428571429,0.4642857142857143,0.5714285714285714,0.64
196,2004,PHI,86,0.5,0.6071428571428571,0.48148148148148145,0.4642857142857143,0.42857142857142855,0.7037037037037037
197,2004,TEX,89,0.5909090909090909,0.5185185185185185,0.6538461538461539,0.48148148148148145,0.5714285714285714,0.4827586206896552
198,2004,NYY,101,0.5238095238095238,0.6923076923076923,0.7307692307692307,0.5714285714285714,0.5714285714285714,0.6785714285714286
199,2004,BAL,78,0.5714285714285714,0.46153846153846156,0.2962962962962963,0.5,0.4642857142857143,0.6428571428571429
200,2004,SEA,63,0.34782608695652173,0.4074074074074074,0.46153846153846156,0.2962962962962963,0.42857142857142855,0.39285714285714285
201,2004,CLE,80,0.4090909090909091,0.5,0.5357142857142857,0.5714285714285714,0.4827586206896552,0.46153846153846156
202,2004,TBD,70,0.3157894736842105,0.39285714285714285,0.7692307692307693,0.39285714285714285,0.35714285714285715,0.3333333333333333
203,2004,CHW,83,0.6190476190476191,0.5714285714285714,0.48,0.4074074074074074,0.41379310344827586,0.5862068965517241
204,2004,DET,72,0.5217391304347826,0.4074074074074074,0.5384615384615384,0.4642857142857143,0.39285714285714285,0.37037037037037035
205,2004,TOR,67,0.3181818181818182,0.5172413793103449,0.4444444444444444,0.44,0.3103448275862069,0.4230769230769231
206,2004,ARI,51,0.4090909090909091,0.3103448275862069,0.37037037037037035,0.17857142857142858,0.3076923076923077,0.2962962962962963
207,2004,KCR,58,0.3333333333333333,0.37037037037037035,0.4444444444444444,0.25925925925925924,0.3448275862068966,0.39285714285714285
208,2004,CIN,76,0.5454545454545454,0.6206896551724138,0.46153846153846156,0.3333333333333333,0.4074074074074074,0.4642857142857143
209,2004,COL,68,0.42857142857142855,0.3448275862068966,0.34615384615384615,0.6428571428571429,0.3333333333333333,0.4642857142857143
210,2005,STL,100,0.6818181818181818,0.6206896551724138,0.5925925925925926,0.6538461538461539,0.6333333333333333,0.5
211,2005,HOU,89,0.4090909090909091,0.3448275862068966,0.64,0.7586206896551724,0.48148148148148145,0.6071428571428571
212,2005,CLE,93,0.391304347826087,0.5925925925925926,0.6296296296296297,0.4482758620689655,0.7037037037037037,0.7037037037037037
213,2005,CHW,99,0.7083333333333334,0.6428571428571429,0.72,0.6,0.42857142857142855,0.5862068965517241
214,2005,LAA,95,0.5416666666666666,0.6071428571428571,0.6538461538461539,0.48148148148148145,0.5185185185185185,0.6785714285714286
215,2005,OAK,88,0.5,0.25925925925925924,0.7037037037037037,0.7692307692307693,0.6071428571428571,0.39285714285714285
216,2005,MIN,83,0.6521739130434783,0.5185185185185185,0.5,0.42857142857142855,0.5517241379310345,0.4074074074074074
217,2005,NYM,83,0.4782608695652174,0.5357142857142857,0.5,0.5185185185185185,0.5925925925925926,0.4642857142857143
218,2005,WSN,81,0.5217391304347826,0.5,0.7692307692307693,0.3333333333333333,0.4642857142857143,0.4444444444444444
219,2005,MIL,81,0.43478260869565216,0.5,0.4444444444444444,0.5714285714285714,0.48148148148148145,0.5925925925925926
220,2005,ATL,90,0.5833333333333334,0.5185185185185185,0.5357142857142857,0.6923076923076923,0.5,0.5555555555555556
221,2005,TOR,80,0.52,0.5555555555555556,0.4444444444444444,0.52,0.4642857142857143,0.4642857142857143
222,2005,SDP,82,0.4583333333333333,0.7857142857142857,0.37037037037037035,0.3076923076923077,0.5555555555555556,0.5357142857142857
223,2005,FLA,83,0.6363636363636364,0.48148148148148145,0.48148148148148145,0.5,0.5483870967741935,0.4074074074074074
224,2005,CHC,79,0.5217391304347826,0.5185185185185185,0.5185185185185185,0.4642857142857143,0.35714285714285715,0.5925925925925926
225,2005,PHI,88,0.4166666666666667,0.5357142857142857,0.5555555555555556,0.5555555555555556,0.5925925925925926,0.5555555555555556
226,2005,SFG,75,0.5217391304347826,0.4074074074074074,0.37037037037037035,0.4444444444444444,0.5,0.5357142857142857
227,2005,LAD,71,0.6521739130434783,0.39285714285714285,0.4074074074074074,0.37037037037037035,0.5,0.3333333333333333
228,2005,PIT,67,0.36363636363636365,0.5357142857142857,0.4074074074074074,0.35714285714285715,0.39285714285714285,0.37037037037037035
229,2005,SEA,69,0.5,0.3333333333333333,0.46153846153846156,0.4444444444444444,0.39285714285714285,0.4642857142857143
230,2005,DET,71,0.5,0.4444444444444444,0.5,0.4827586206896552,0.5,0.26666666666666666
231,2005,NYY,95,0.4166666666666667,0.6296296296296297,0.46153846153846156,0.6538461538461539,0.6551724137931034,0.6785714285714286
232,2005,BAL,74,0.6956521739130435,0.5357142857142857,0.4444444444444444,0.3076923076923077,0.39285714285714285,0.35714285714285715
233,2005,BOS,95,0.5217391304347826,0.5714285714285714,0.6538461538461539,0.5185185185185185,0.6666666666666666,0.5862068965517241
234,2005,ARI,77,0.5833333333333334,0.5714285714285714,0.32142857142857145,0.48148148148148145,0.32142857142857145,0.6
235,2005,TEX,79,0.48,0.72,0.37037037037037035,0.48148148148148145,0.3793103448275862,0.5555555555555556
236,2005,COL,67,0.2857142857142857,0.3103448275862069,0.4444444444444444,0.37037037037037035,0.5172413793103449,0.5185185185185185
237,2005,CIN,73,0.43478260869565216,0.3793103448275862,0.36,0.6071428571428571,0.5555555555555556,0.39285714285714285
238,2005,TBD,67,0.3333333333333333,0.3793103448275862,0.3076923076923077,0.48148148148148145,0.5357142857142857,0.46153846153846156
239,2005,KCR,56,0.25,0.2962962962962963,0.46153846153846156,0.4074074074074074,0.19230769230769232,0.41379310344827586
240,2006,DET,95,0.64,0.6785714285714286,0.7407407407407407,0.6,0.4482758620689655,0.4444444444444444
241,2006,SDP,88,0.375,0.6551724137931034,0.5384615384615384,0.5,0.4642857142857143,0.6785714285714286
242,2006,MIN,96,0.375,0.5357142857142857,0.7307692307692307,0.6923076923076923,0.5714285714285714,0.6206896551724138
243,2006,LAA,89,0.48,0.39285714285714285,0.46153846153846156,0.7307692307692307,0.5517241379310345,0.7037037037037037
244,2006,HOU,82,0.6666666666666666,0.36666666666666664,0.4230769230769231,0.44,0.5862068965517241,0.5925925925925926
245,2006,NYM,97,0.6666666666666666,0.5714285714285714,0.5555555555555556,0.64,0.6785714285714286,0.4827586206896552
246,2006,OAK,93,0.5,0.41379310344827586,0.6923076923076923,0.5185185185185185,0.7777777777777778,0.5357142857142857
247,2006,LAD,88,0.48,0.6428571428571429,0.4230769230769231,0.34615384615384615,0.75,0.5714285714285714
248,2006,FLA,78,0.2727272727272727,0.3793103448275862,0.72,0.4827586206896552,0.5714285714285714,0.42857142857142855
249,2006,TOR,87,0.5217391304347826,0.5862068965517241,0.5925925925925926,0.46153846153846156,0.41379310344827586,0.6296296296296297
250,2006,NYY,97,0.5652173913043478,0.6428571428571429,0.5384615384615384,0.64,0.6,0.6206896551724138
251,2006,CLE,78,0.52,0.48148148148148145,0.34615384615384615,0.38461538461538464,0.6428571428571429,0.4827586206896552
252,2006,ARI,76,0.48,0.6666666666666666,0.2857142857142857,0.64,0.35714285714285715,0.42857142857142855
253,2006,CIN,80,0.68,0.42857142857142855,0.5555555555555556,0.44,0.41379310344827586,0.48148148148148145
254,2006,STL,83,0.68,0.6071428571428571,0.36,0.5769230769230769,0.4642857142857143,0.42857142857142855
255,2006,PIT,67,0.2692307692307692,0.4444444444444444,0.2857142857142857,0.52,0.4642857142857143,0.48148148148148145
256,2006,ATL,79,0.4166666666666667,0.6206896551724138,0.2222222222222222,0.5833333333333334,0.5357142857142857,0.5172413793103449
257,2006,SEA,78,0.4230769230769231,0.41379310344827586,0.6923076923076923,0.4583333333333333,0.39285714285714285,0.5
258,2006,TEX,80,0.52,0.5357142857142857,0.48148148148148145,0.4230769230769231,0.5862068965517241,0.4230769230769231
259,2006,PHI,85,0.4166666666666667,0.6071428571428571,0.3333333333333333,0.52,0.6206896551724138,0.6428571428571429
260,2006,CHW,90,0.7083333333333334,0.5714285714285714,0.7037037037037037,0.4,0.5517241379310345,0.42857142857142855
261,2006,SFG,76,0.5416666666666666,0.4827586206896552,0.5,0.4074074074074074,0.5357142857142857,0.38461538461538464
262,2006,COL,76,0.6,0.42857142857142855,0.5384615384615384,0.38461538461538464,0.39285714285714285,0.5
263,2006,CHC,66,0.5652173913043478,0.2413793103448276,0.3333333333333333,0.5384615384615384,0.39285714285714285,0.39285714285714285
264,2006,BOS,86,0.56,0.6538461538461539,0.6538461538461539,0.5555555555555556,0.3,0.48148148148148145
265,2006,MIL,75,0.56,0.42857142857142855,0.5,0.4,0.42857142857142855,0.4444444444444444
266,2006,TBD,61,0.44,0.35714285714285715,0.5185185185185185,0.34615384615384615,0.32142857142857145,0.2962962962962963
267,2006,WSN,71,0.32,0.4827586206896552,0.4074074074074074,0.56,0.3333333333333333,0.5357142857142857
268,2006,BAL,70,0.5,0.4444444444444444,0.42857142857142855,0.4230769230769231,0.46153846153846156,0.35714285714285715
269,2006,KCR,62,0.22727272727272727,0.27586206896551724,0.48148148148148145,0.4074074074074074,0.4,0.46153846153846156
270,2007,SDP,89,0.5,0.6666666666666666,0.5769230769230769,0.38461538461538464,0.6206896551724138,0.5357142857142857
271,2007,BOS,96,0.6666666666666666,0.7142857142857143,0.48148148148148145,0.5555555555555556,0.5517241379310345,0.5925925925925926
272,2007,TOR,83,0.52,0.42857142857142855,0.5185185185185185,0.5384615384615384,0.5357142857142857,0.5357142857142857
273,2007,CHC,85,0.4166666666666667,0.4444444444444444,0.6071428571428571,0.6538461538461539,0.42857142857142855,0.5862068965517241
274,2007,CLE,96,0.6666666666666666,0.6333333333333333,0.5357142857142857,0.46153846153846156,0.6071428571428571,0.6785714285714286
275,2007,ATL,84,0.64,0.5,0.4642857142857143,0.5,0.4642857142857143,0.5555555555555556
276,2007,ARI,90,0.5925925925925926,0.5714285714285714,0.5185185185185185,0.5,0.5714285714285714,0.5769230769230769
277,2007,MIN,79,0.56,0.48148148148148145,0.5555555555555556,0.48148148148148145,0.4482758620689655,0.4074074074074074
278,2007,SFG,71,0.5416666666666666,0.42857142857142855,0.3333333333333333,0.48,0.5161290322580645,0.3333333333333333
279,2007,LAD,82,0.5769230769230769,0.5925925925925926,0.5,0.48,0.4642857142857143,0.42857142857142855
280,2007,LAA,94,0.5769230769230769,0.6206896551724138,0.6538461538461539,0.5,0.6206896551724138,0.5
281,2007,NYM,88,0.625,0.6785714285714286,0.4444444444444444,0.48148148148148145,0.5357142857142857,0.5
282,2007,OAK,76,0.48,0.5185185185185185,0.5357142857142857,0.3333333333333333,0.5862068965517241,0.34615384615384615
283,2007,COL,90,0.38461538461538464,0.5357142857142857,0.5185185185185185,0.625,0.5172413793103449,0.7142857142857143
284,2007,MIL,83,0.64,0.4827586206896552,0.6538461538461539,0.4074074074074074,0.3333333333333333,0.5714285714285714
285,2007,NYY,94,0.391304347826087,0.4642857142857143,0.5925925925925926,0.6785714285714286,0.6206896551724138,0.7037037037037037
286,2007,KCR,69,0.3076923076923077,0.39285714285714285,0.5555555555555556,0.52,0.4642857142857143,0.32142857142857145
287,2007,WSN,73,0.34615384615384615,0.4642857142857143,0.38461538461538464,0.5384615384615384,0.41379310344827586,0.5555555555555556
288,2007,DET,88,0.56,0.5714285714285714,0.6153846153846154,0.5555555555555556,0.3793103448275862,0.5925925925925926
289,2007,STL,78,0.4166666666666667,0.4444444444444444,0.5,0.5769230769230769,0.5357142857142857,0.41935483870967744
290,2007,HOU,73,0.4166666666666667,0.41379310344827586,0.42857142857142855,0.48,0.5172413793103449,0.4444444444444444
291,2007,TEX,75,0.4,0.3103448275862069,0.5384615384615384,0.5384615384615384,0.5,0.5
292,2007,PHI,89,0.44,0.5357142857142857,0.5357142857142857,0.6,0.5714285714285714,0.6071428571428571
293,2007,SEA,88,0.5,0.5333333333333333,0.6666666666666666,0.5,0.5357142857142857,0.5172413793103449
294,2007,CHW,72,0.5217391304347826,0.46153846153846156,0.35714285714285715,0.4827586206896552,0.3103448275862069,0.5555555555555556
295,2007,PIT,68,0.5,0.3793103448275862,0.4444444444444444,0.2916666666666667,0.5666666666666667,0.32142857142857145
296,2007,CIN,72,0.48,0.3,0.38461538461538464,0.5384615384615384,0.6071428571428571,0.37037037037037035
297,2007,FLA,71,0.48,0.4827586206896552,0.4074074074074074,0.46153846153846156,0.32142857142857145,0.48148148148148145
298,2007,BAL,69,0.44,0.5357142857142857,0.3076923076923077,0.6,0.32142857142857145,0.3448275862068966
299,2007,TBD,66,0.44,0.4230769230769231,0.39285714285714285,0.25925925925925924,0.5172413793103449,0.4074074074074074
300,2008,TOR,86,0.39285714285714285,0.6666666666666666,0.38461538461538464,0.5416666666666666,0.5714285714285714,0.6153846153846154
301,2008,LAD,84,0.5,0.4642857142857143,0.4074074074074074,0.6153846153846154,0.4482758620689655,0.7083333333333334
302,2008,TBR,97,0.5384615384615384,0.6551724137931034,0.6153846153846154,0.52,0.75,0.48148148148148145
303,2008,MIL,90,0.5384615384615384,0.4482758620689655,0.6153846153846154,0.5925925925925926,0.7307692307692307,0.38461538461538464
304,2008,CHC,97,0.6538461538461539,0.6206896551724138,0.5555555555555556,0.5769230769230769,0.7142857142857143,0.5
305,2008,PHI,92,0.5555555555555556,0.5862068965517241,0.46153846153846156,0.6,0.5517241379310345,0.68
306,2008,ARI,82,0.7037037037037037,0.39285714285714285,0.4074074074074074,0.56,0.4642857142857143,0.5
307,2008,LAA,100,0.6428571428571429,0.5357142857142857,0.6153846153846154,0.76,0.5357142857142857,0.6538461538461539
308,2008,BOS,95,0.5925925925925926,0.5862068965517241,0.5925925925925926,0.4583333333333333,0.6666666666666666,0.6153846153846154
309,2008,OAK,75,0.5925925925925926,0.4444444444444444,0.6153846153846154,0.32,0.3333333333333333,0.5
310,2008,NYM,89,0.52,0.4642857142857143,0.4642857142857143,0.6923076923076923,0.6206896551724138,0.52
311,2008,CHW,89,0.5384615384615384,0.5517241379310345,0.6296296296296297,0.52,0.6071428571428571,0.4444444444444444
312,2008,MIN,88,0.46153846153846156,0.5357142857142857,0.6071428571428571,0.6,0.5862068965517241,0.4230769230769231
313,2008,STL,86,0.6206896551724138,0.5357142857142857,0.5555555555555556,0.48148148148148145,0.5,0.48
314,2008,NYY,89,0.4827586206896552,0.5384615384615384,0.5714285714285714,0.6,0.4642857142857143,0.6538461538461539
315,2008,SFG,72,0.4642857142857143,0.37037037037037035,0.48148148148148145,0.3333333333333333,0.5172413793103449,0.48
316,2008,HOU,86,0.4642857142857143,0.6071428571428571,0.38461538461538464,0.4166666666666667,0.7,0.625
317,2008,SDP,63,0.37037037037037035,0.41379310344827586,0.37037037037037035,0.36,0.4074074074074074,0.38461538461538464
318,2008,FLA,84,0.5769230769230769,0.5925925925925926,0.42857142857142855,0.5555555555555556,0.39285714285714285,0.625
319,2008,CLE,81,0.4444444444444444,0.4444444444444444,0.42857142857142855,0.4166666666666667,0.6428571428571429,0.5925925925925926
320,2008,ATL,72,0.48,0.5862068965517241,0.4074074074074074,0.4,0.3103448275862069,0.52
321,2008,KCR,75,0.4230769230769231,0.3448275862068966,0.5925925925925926,0.46153846153846156,0.25925925925925924,0.6923076923076923
322,2008,CIN,74,0.42857142857142855,0.5555555555555556,0.42857142857142855,0.48,0.35714285714285715,0.52
323,2008,WSN,59,0.34615384615384615,0.4482758620689655,0.3333333333333333,0.20833333333333334,0.4827586206896552,0.2916666666666667
324,2008,SEA,61,0.4444444444444444,0.2857142857142857,0.38461538461538464,0.38461538461538464,0.42857142857142855,0.3076923076923077
325,2008,COL,74,0.39285714285714285,0.32142857142857145,0.4444444444444444,0.6296296296296297,0.5357142857142857,0.4166666666666667
326,2008,DET,74,0.48148148148148145,0.37037037037037035,0.7037037037037037,0.5,0.39285714285714285,0.3076923076923077
327,2008,PIT,67,0.38461538461538464,0.5357142857142857,0.4444444444444444,0.46153846153846156,0.25925925925925924,0.38461538461538464
328,2008,BAL,68,0.5925925925925926,0.4074074074074074,0.5555555555555556,0.38461538461538464,0.39285714285714285,0.2
329,2008,TEX,79,0.37037037037037035,0.6551724137931034,0.5185185185185185,0.52,0.3793103448275862,0.5
330,2009,LAD,95,0.6521739130434783,0.6896551724137931,0.5384615384615384,0.6,0.4827586206896552,0.5555555555555556
331,2009,SFG,88,0.5,0.5172413793103449,0.6296296296296297,0.5185185185185185,0.5714285714285714,0.48148148148148145
332,2009,ATL,86,0.47619047619047616,0.5172413793103449,0.4230769230769231,0.5925925925925926,0.6071428571428571,0.6296296296296297
333,2009,STL,91,0.6956521739130435,0.48148148148148145,0.41379310344827586,0.5925925925925926,0.7692307692307693,0.5
334,2009,CHC,83,0.47619047619047616,0.5357142857142857,0.44,0.6666666666666666,0.39285714285714285,0.5862068965517241
335,2009,SEA,85,0.5909090909090909,0.3793103448275862,0.6,0.5185185185185185,0.5172413793103449,0.5384615384615384
336,2009,CHW,79,0.5238095238095238,0.4642857142857143,0.5357142857142857,0.5185185185185185,0.39285714285714285,0.48148148148148145
337,2009,PHI,93,0.55,0.6071428571428571,0.4230769230769231,0.7407407407407407,0.5925925925925926,0.5666666666666667
338,2009,CIN,78,0.5238095238095238,0.5357142857142857,0.4230769230769231,0.2962962962962963,0.4482758620689655,0.6666666666666666
339,2009,COL,92,0.4,0.41379310344827586,0.75,0.5769230769230769,0.5714285714285714,0.6666666666666666
340,2009,NYY,103,0.5454545454545454,0.6071428571428571,0.6,0.6666666666666666,0.75,0.6785714285714286
341,2009,OAK,75,0.42105263157894735,0.3793103448275862,0.4642857142857143,0.46153846153846156,0.4827586206896552,0.6296296296296297
342,2009,FLA,87,0.6363636363636364,0.3103448275862069,0.5925925925925926,0.5833333333333334,0.5,0.6071428571428571
343,2009,DET,86,0.5238095238095238,0.6071428571428571,0.5357142857142857,0.4166666666666667,0.5517241379310345,0.5714285714285714
344,2009,BOS,95,0.6363636363636364,0.5172413793103449,0.6923076923076923,0.52,0.5714285714285714,0.5357142857142857
345,2009,TBR,84,0.391304347826087,0.5333333333333333,0.7307692307692307,0.5,0.5555555555555556,0.39285714285714285
346,2009,SDP,75,0.5,0.5,0.34615384615384615,0.2857142857142857,0.5172413793103449,0.6538461538461539
347,2009,TEX,87,0.47619047619047616,0.6896551724137931,0.4230769230769231,0.68,0.4827586206896552,0.4642857142857143
348,2009,ARI,70,0.4090909090909091,0.4482758620689655,0.34615384615384615,0.5384615384615384,0.5172413793103449,0.3076923076923077
349,2009,LAA,97,0.42857142857142855,0.5714285714285714,0.6538461538461539,0.7307692307692307,0.5862068965517241,0.5714285714285714
350,2009,NYM,70,0.42857142857142855,0.6785714285714286,0.3333333333333333,0.46153846153846156,0.3448275862068966,0.2857142857142857
351,2009,TOR,75,0.625,0.4827586206896552,0.46153846153846156,0.3333333333333333,0.38461538461538464,0.5333333333333333
352,2009,MIN,87,0.5,0.4666666666666667,0.5555555555555556,0.5,0.5,0.5925925925925926
353,2009,HOU,74,0.4090909090909091,0.4074074074074074,0.5925925925925926,0.5555555555555556,0.42857142857142855,0.37037037037037035
354,2009,PIT,62,0.5238095238095238,0.3793103448275862,0.5185185185185185,0.32,0.32142857142857145,0.2857142857142857
355,2009,KCR,65,0.5454545454545454,0.39285714285714285,0.38461538461538464,0.2692307692307692,0.3448275862068966,0.5357142857142857
356,2009,MIL,80,0.5454545454545454,0.6428571428571429,0.4444444444444444,0.34615384615384615,0.48148148148148145,0.4642857142857143
357,2009,WSN,59,0.23809523809523808,0.3103448275862069,0.34615384615384615,0.3333333333333333,0.4827586206896552,0.34615384615384615
358,2009,CLE,65,0.36363636363636365,0.4666666666666667,0.3333333333333333,0.5,0.5555555555555556,0.25
359,2009,BAL,64,0.4090909090909091,0.4827586206896552,0.46153846153846156,0.36,0.3333333333333333,0.23076923076923078
360,2010,SFG,92,0.5909090909090909,0.5,0.48148148148148145,0.7142857142857143,0.48148148148148145,0.6923076923076923
361,2010,SDP,90,0.6521739130434783,0.5925925925925926,0.5555555555555556,0.5833333333333334,0.5357142857142857,0.42857142857142855
362,2010,ATL,91,0.391304347826087,0.7142857142857143,0.6071428571428571,0.5416666666666666,0.6206896551724138,0.48148148148148145
363,2010,STL,86,0.6521739130434783,0.5172413793103449,0.5,0.5769230769230769,0.4230769230769231,0.4827586206896552
364,2010,OAK,81,0.5,0.5714285714285714,0.37037037037037035,0.5833333333333334,0.4642857142857143,0.4642857142857143
365,2010,PHI,97,0.5454545454545454,0.5714285714285714,0.5,0.5357142857142857,0.6428571428571429,0.7777777777777778
366,2010,NYM,79,0.6086956521739131,0.41379310344827586,0.6923076923076923,0.34615384615384615,0.42857142857142855,0.4444444444444444
367,2010,TBR,96,0.7391304347826086,0.5862068965517241,0.44,0.7307692307692307,0.5862068965517241,0.48148148148148145
368,2010,TEX,90,0.4782608695652174,0.5555555555555556,0.7777777777777778,0.5185185185185185,0.4642857142857143,0.5555555555555556
369,2010,SEA,61,0.4782608695652174,0.2962962962962963,0.5185185185185185,0.21428571428571427,0.48148148148148145,0.3333333333333333
370,2010,MIN,94,0.6521739130434783,0.5714285714285714,0.4444444444444444,0.5769230769230769,0.6428571428571429,0.6296296296296297
371,2010,LAD,80,0.391304347826087,0.7142857142857143,0.5185185185185185,0.4230769230769231,0.4827586206896552,0.38461538461538464
372,2010,CIN,91,0.5217391304347826,0.6206896551724138,0.5185185185185185,0.5384615384615384,0.7037037037037037,0.4444444444444444
373,2010,LAA,80,0.5,0.4827586206896552,0.6666666666666666,0.34615384615384615,0.4074074074074074,0.5384615384615384
374,2010,NYY,95,0.6818181818181818,0.5714285714285714,0.6153846153846154,0.7307692307692307,0.5517241379310345,0.4444444444444444
375,2010,HOU,76,0.36363636363636365,0.3103448275862069,0.5,0.5416666666666666,0.5862068965517241,0.5185185185185185
376,2010,FLA,80,0.4782608695652174,0.5172413793103449,0.4230769230769231,0.6153846153846154,0.48148148148148145,0.42857142857142855
377,2010,CHW,88,0.391304347826087,0.48148148148148145,0.6666666666666666,0.6923076923076923,0.4827586206896552,0.5185185185185185
378,2010,WSN,69,0.5652173913043478,0.42857142857142855,0.2962962962962963,0.48,0.3793103448275862,0.4230769230769231
379,2010,COL,83,0.4782608695652174,0.5714285714285714,0.5185185185185185,0.5,0.5555555555555556,0.5
380,2010,BOS,89,0.4782608695652174,0.6071428571428571,0.6666666666666666,0.48,0.5357142857142857,0.48148148148148145
381,2010,TOR,85,0.5,0.6551724137931034,0.34615384615384615,0.56,0.5357142857142857,0.5185185185185185
382,2010,CHC,75,0.4583333333333333,0.4642857142857143,0.38461538461538464,0.46153846153846156,0.3448275862068966,0.6538461538461539
383,2010,DET,81,0.5833333333333334,0.46153846153846156,0.5555555555555556,0.4230769230769231,0.4482758620689655,0.5769230769230769
384,2010,CLE,69,0.4090909090909091,0.3333333333333333,0.42857142857142855,0.48148148148148145,0.35714285714285715,0.5555555555555556
385,2010,MIL,77,0.391304347826087,0.42857142857142855,0.5185185185185185,0.48148148148148145,0.5185185185185185,0.5185185185185185
386,2010,BAL,66,0.21739130434782608,0.35714285714285715,0.34615384615384615,0.2962962962962963,0.6071428571428571,0.5384615384615384
387,2010,ARI,65,0.4782608695652174,0.3103448275862069,0.4074074074074074,0.28,0.5517241379310345,0.38461538461538464
388,2010,KCR,67,0.391304347826087,0.41379310344827586,0.48148148148148145,0.4,0.42857142857142855,0.37037037037037035
389,2010,PIT,57,0.43478260869565216,0.3793103448275862,0.23076923076923078,0.36,0.27586206896551724,0.4444444444444444
390,2011,PHI,102,0.6923076923076923,0.5517241379310345,0.6296296296296297,0.68,0.72,0.5517241379310345
391,2011,SFG,86,0.52,0.5714285714285714,0.6071428571428571,0.5769230769230769,0.3793103448275862,0.56
392,2011,SDP,71,0.34615384615384615,0.5,0.48148148148148145,0.37037037037037035,0.4642857142857143,0.44
393,2011,ATL,89,0.4444444444444444,0.6071428571428571,0.6538461538461539,0.5925925925925926,0.6538461538461539,0.3333333333333333
394,2011,LAD,82,0.48148148148148145,0.42857142857142855,0.38461538461538464,0.48,0.6071428571428571,0.6538461538461539
395,2011,LAA,86,0.5384615384615384,0.4666666666666667,0.52,0.6296296296296297,0.5185185185185185,0.5
396,2011,WSN,80,0.48,0.39285714285714285,0.6296296296296297,0.4230769230769231,0.4444444444444444,0.6296296296296297
397,2011,TBR,91,0.5555555555555556,0.5185185185185185,0.5925925925925926,0.4230769230769231,0.6428571428571429,0.6296296296296297
398,2011,MIL,96,0.52,0.5862068965517241,0.5185185185185185,0.5925925925925926,0.75,0.6
399,2011,OAK,74,0.48148148148148145,0.4827586206896552,0.34615384615384615,0.5,0.39285714285714285,0.5384615384615384
400,2011,NYY,97,0.6086956521739131,0.5172413793103449,0.6923076923076923,0.5925925925925926,0.6071428571428571,0.5714285714285714
401,2011,STL,90,0.6153846153846154,0.5862068965517241,0.4230769230769231,0.5,0.5357142857142857,0.6923076923076923
402,2011,TEX,96,0.5925925925925926,0.4642857142857143,0.5185185185185185,0.6666666666666666,0.5714285714285714,0.76
403,2011,ARI,94,0.4230769230769231,0.6551724137931034,0.5185185185185185,0.5769230769230769,0.6551724137931034,0.64
404,2011,SEA,67,0.4642857142857143,0.5769230769230769,0.4074074074074074,0.23076923076923078,0.4642857142857143,0.3333333333333333
405,2011,FLA,72,0.64,0.5357142857142857,0.17857142857142858,0.6296296296296297,0.25925925925925924,0.4230769230769231
406,2011,DET,95,0.46153846153846156,0.5925925925925926,0.5714285714285714,0.5,0.6428571428571429,0.7692307692307693
407,2011,PIT,72,0.4444444444444444,0.5,0.5925925925925926,0.5,0.26666666666666666,0.38461538461538464
408,2011,CHW,79,0.35714285714285715,0.5517241379310345,0.56,0.5,0.5714285714285714,0.39285714285714285
409,2011,CIN,79,0.5,0.4827586206896552,0.5384615384615384,0.4230769230769231,0.5,0.46153846153846156
410,2011,NYM,77,0.4074074074074074,0.5185185185185185,0.5925925925925926,0.5185185185185185,0.38461538461538464,0.42857142857142855
411,2011,BOS,90,0.4230769230769231,0.6551724137931034,0.64,0.7692307692307693,0.5862068965517241,0.25925925925925924
412,2011,CLE,80,0.6923076923076923,0.5384615384615384,0.37037037037037035,0.4230769230769231,0.5357142857142857,0.41379310344827586
413,2011,TOR,81,0.48148148148148145,0.5357142857142857,0.4444444444444444,0.5769230769230769,0.4642857142857143,0.5
414,2011,CHC,71,0.46153846153846156,0.4074074074074074,0.3793103448275862,0.34615384615384615,0.5517241379310345,0.48
415,2011,COL,73,0.68,0.27586206896551724,0.5185185185185185,0.4444444444444444,0.4482758620689655,0.36
416,2011,KCR,71,0.5384615384615384,0.37037037037037035,0.3333333333333333,0.48148148148148145,0.3448275862068966,0.6
417,2011,HOU,56,0.37037037037037035,0.39285714285714285,0.2962962962962963,0.23076923076923078,0.41379310344827586,0.36
418,2011,MIN,63,0.34615384615384615,0.2962962962962963,0.6538461538461539,0.5517241379310345,0.25,0.23076923076923078
419,2011,BAL,69,0.48,0.42857142857142855,0.44,0.25925925925925924,0.41379310344827586,0.5357142857142857
420,2012,TBR,90,0.6521739130434783,0.5,0.4444444444444444,0.5,0.6071428571428571,0.6296296296296297
421,2012,WSN,98,0.6363636363636364,0.5357142857142857,0.5769230769230769,0.6538461538461539,0.6551724137931034,0.5714285714285714
422,2012,CIN,97,0.5,0.6071428571428571,0.5555555555555556,0.7307692307692307,0.6333333333333333,0.5769230769230769
423,2012,LAD,86,0.6956521739130435,0.5714285714285714,0.39285714285714285,0.5,0.5,0.5384615384615384
424,2012,ATL,94,0.6086956521739131,0.4827586206896552,0.52,0.6923076923076923,0.5172413793103449,0.7037037037037037
425,2012,OAK,94,0.45454545454545453,0.4074074074074074,0.5357142857142857,0.7916666666666666,0.6428571428571429,0.6071428571428571
426,2012,SFG,94,0.5454545454545454,0.5172413793103449,0.6071428571428571,0.5,0.6206896551724138,0.7037037037037037
427,2012,STL,88,0.6363636363636364,0.4482758620689655,0.48148148148148145,0.6,0.5517241379310345,0.5555555555555556
428,2012,SEA,75,0.45454545454545453,0.41379310344827586,0.4074074074074074,0.5769230769230769,0.5555555555555556,0.34615384615384615
429,2012,DET,88,0.5,0.4482758620689655,0.5185185185185185,0.6153846153846154,0.5925925925925926,0.5714285714285714
430,2012,NYY,95,0.5909090909090909,0.5,0.7407407407407407,0.5,0.5357142857142857,0.6071428571428571
431,2012,PHI,81,0.4782608695652174,0.5517241379310345,0.32142857142857145,0.43478260869565216,0.5862068965517241,0.6296296296296297
432,2012,BAL,93,0.6086956521739131,0.5357142857142857,0.5,0.48148148148148145,0.6666666666666666,0.6785714285714286
433,2012,PIT,79,0.45454545454545453,0.5357142857142857,0.6296296296296297,0.6538461538461539,0.39285714285714285,0.25
434,2012,ARI,81,0.5217391304347826,0.39285714285714285,0.6153846153846154,0.5185185185185185,0.4482758620689655,0.5384615384615384
435,2012,SDP,76,0.2916666666666667,0.35714285714285715,0.4444444444444444,0.5769230769230769,0.6428571428571429,0.5
436,2012,LAA,89,0.34782608695652173,0.6206896551724138,0.6538461538461539,0.5384615384615384,0.48148148148148145,0.6666666666666666
437,2012,TEX,93,0.7391304347826086,0.5,0.6785714285714286,0.391304347826087,0.6551724137931034,0.5357142857142857
438,2012,CHW,85,0.5,0.6206896551724138,0.48148148148148145,0.56,0.5555555555555556,0.39285714285714285
439,2012,NYM,74,0.5652173913043478,0.5357142857142857,0.5357142857142857,0.28,0.42857142857142855,0.4074074074074074
440,2012,MIA,69,0.36363636363636365,0.7241379310344828,0.3076923076923077,0.38461538461538464,0.41379310344827586,0.2962962962962963
441,2012,MIL,83,0.4782608695652174,0.42857142857142855,0.46153846153846156,0.46153846153846156,0.5714285714285714,0.6428571428571429
442,2012,KCR,72,0.2857142857142857,0.5357142857142857,0.5185185185185185,0.2692307692307692,0.6071428571428571,0.41379310344827586
443,2012,CHC,61,0.34782608695652173,0.37037037037037035,0.37037037037037035,0.6,0.27586206896551724,0.32142857142857145
444,2012,HOU,55,0.391304347826087,0.4642857142857143,0.37037037037037035,0.1111111111111111,0.18518518518518517,0.48148148148148145
445,2012,TOR,73,0.5217391304347826,0.5357142857142857,0.48148148148148145,0.44,0.32142857142857145,0.35714285714285715
446,2012,BOS,69,0.5,0.5172413793103449,0.5555555555555556,0.46153846153846156,0.3103448275862069,0.2692307692307692
447,2012,MIN,66,0.2727272727272727,0.42857142857142855,0.5185185185185185,0.46153846153846156,0.32142857142857145,0.4642857142857143
448,2012,CLE,68,0.55,0.5333333333333333,0.4444444444444444,0.4230769230769231,0.1724137931034483,0.4444444444444444
449,2012,COL,64,0.5,0.35714285714285715,0.3333333333333333,0.2916666666666667,0.5517241379310345,0.3103448275862069
450,2013,ATL,96,0.6538461538461539,0.5357142857142857,0.5714285714285714,0.5769230769230769,0.7407407407407407,0.48148148148148145
451,2013,LAD,92,0.5,0.37037037037037035,0.5357142857142857,0.76,0.7931034482758621,0.4444444444444444
452,2013,PIT,94,0.5555555555555556,0.6785714285714286,0.6538461538461539,0.5384615384615384,0.5,0.5555555555555556
453,2013,CIN,90,0.5357142857142857,0.7037037037037037,0.4444444444444444,0.5185185185185185,0.5925925925925926,0.5384615384615384
454,2013,STL,97,0.5769230769230769,0.7407407407407407,0.5,0.52,0.5517241379310345,0.7037037037037037
455,2013,KCR,86,0.5833333333333334,0.2857142857142857,0.5925925925925926,0.6,0.5161290322580645,0.6296296296296297
456,2013,OAK,96,0.5714285714285714,0.5714285714285714,0.5925925925925926,0.6,0.5185185185185185,0.7037037037037037
457,2013,WSN,86,0.48148148148148145,0.5357142857142857,0.5,0.4074074074074074,0.5925925925925926,0.6666666666666666
458,2013,DET,93,0.6,0.5,0.5185185185185185,0.6923076923076923,0.6333333333333333,0.5
459,2013,TEX,91,0.68,0.6071428571428571,0.5,0.4230769230769231,0.7407407407407407,0.42857142857142855
460,2013,MIA,62,0.2962962962962963,0.21428571428571427,0.6,0.46153846153846156,0.2857142857142857,0.4642857142857143
461,2013,TBR,92,0.46153846153846156,0.6428571428571429,0.4642857142857143,0.8076923076923077,0.4230769230769231,0.5862068965517241
462,2013,NYM,74,0.4,0.4444444444444444,0.4230769230769231,0.5555555555555556,0.4827586206896552,0.42857142857142855
463,2013,BOS,97,0.6923076923076923,0.5,0.6071428571428571,0.6,0.5714285714285714,0.64
464,2013,CLE,92,0.4583333333333333,0.6,0.5357142857142857,0.6,0.42857142857142855,0.7777777777777778
465,2013,MIL,74,0.56,0.21428571428571427,0.4444444444444444,0.5,0.48148148148148145,0.5555555555555556
466,2013,ARI,81,0.5555555555555556,0.5555555555555556,0.4444444444444444,0.5,0.5185185185185185,0.42857142857142855
467,2013,NYY,85,0.6153846153846154,0.5357142857142857,0.4074074074074074,0.5384615384615384,0.5714285714285714,0.48148148148148145
468,2013,SDP,76,0.38461538461538464,0.5357142857142857,0.5357142857142857,0.37037037037037035,0.38461538461538464,0.5925925925925926
469,2013,CHW,63,0.4,0.5185185185185185,0.2962962962962963,0.3076923076923077,0.5517241379310345,0.25
470,2013,CHC,66,0.38461538461538464,0.48148148148148145,0.4444444444444444,0.5185185185185185,0.2857142857142857,0.3333333333333333
471,2013,SFG,76,0.5555555555555556,0.5185185185185185,0.37037037037037035,0.32,0.4482758620689655,0.5925925925925926
472,2013,BAL,85,0.5925925925925926,0.5357142857142857,0.5714285714285714,0.48,0.46153846153846156,0.5
473,2013,LAA,78,0.34615384615384615,0.5517241379310345,0.5185185185185185,0.375,0.5,0.5714285714285714
474,2013,TOR,74,0.37037037037037035,0.4642857142857143,0.6538461538461539,0.38461538461538464,0.41379310344827586,0.46153846153846156
475,2013,SEA,71,0.41379310344827586,0.46153846153846156,0.4074074074074074,0.6,0.42857142857142855,0.3333333333333333
476,2013,PHI,73,0.4444444444444444,0.5,0.4642857142857143,0.4583333333333333,0.41379310344827586,0.4230769230769231
477,2013,COL,74,0.5925925925925926,0.42857142857142855,0.4642857142857143,0.38461538461538464,0.4642857142857143,0.4
478,2013,MIN,66,0.4782608695652174,0.41379310344827586,0.5,0.34615384615384615,0.43333333333333335,0.2857142857142857
479,2013,HOU,51,0.2692307692307692,0.35714285714285715,0.4444444444444444,0.25,0.27586206896551724,0.25925925925925924
480,2014,WSN,96,0.5555555555555556,0.4230769230769231,0.6071428571428571,0.5833333333333334,0.6551724137931034,0.7037037037037037
481,2014,SEA,87,0.4166666666666667,0.5333333333333333,0.6428571428571429,0.44,0.6296296296296297,0.5185185185185185
482,2014,OAK,88,0.6666666666666666,0.5714285714285714,0.6538461538461539,0.6,0.42857142857142855,0.38461538461538464
483,2014,SDP,77,0.42857142857142855,0.48148148148148145,0.37037037037037035,0.48,0.5925925925925926,0.48148148148148145
484,2014,ATL,79,0.68,0.4482758620689655,0.5357142857142857,0.5,0.5,0.28
485,2014,LAD,94,0.5416666666666666,0.5,0.6428571428571429,0.5833333333333334,0.5357142857142857,0.68
486,2014,BAL,96,0.4782608695652174,0.5,0.5714285714285714,0.68,0.6785714285714286,0.6296296296296297
487,2014,PIT,88,0.36,0.5172413793103449,0.6296296296296297,0.5769230769230769,0.5,0.6538461538461539
488,2014,NYM,79,0.6,0.3793103448275862,0.39285714285714285,0.6,0.41379310344827586,0.6
489,2014,SFG,88,0.5925925925925926,0.6896551724137931,0.38461538461538464,0.46153846153846156,0.5925925925925926,0.52
490,2014,STL,90,0.5,0.5555555555555556,0.5185185185185185,0.5416666666666666,0.5517241379310345,0.6538461538461539
491,2014,KCR,89,0.56,0.41379310344827586,0.6296296296296297,0.48,0.6551724137931034,0.5769230769230769
492,2014,TBR,77,0.38461538461538464,0.41379310344827586,0.4482758620689655,0.7391304347826086,0.4642857142857143,0.44
493,2014,CLE,85,0.37037037037037035,0.5357142857142857,0.5,0.5384615384615384,0.6666666666666666,0.5185185185185185
494,2014,LAA,98,0.5384615384615384,0.5714285714285714,0.6,0.7037037037037037,0.6428571428571429,0.5769230769230769
495,2014,CIN,76,0.46153846153846156,0.48148148148148145,0.6428571428571429,0.4230769230769231,0.41379310344827586,0.4
496,2014,MIL,82,0.7037037037037037,0.4642857142857143,0.6428571428571429,0.36,0.48148148148148145,0.34615384615384615
497,2014,NYY,84,0.5769230769230769,0.5,0.4444444444444444,0.5384615384615384,0.5357142857142857,0.5185185185185185
498,2014,MIA,77,0.46153846153846156,0.5357142857142857,0.4074074074074074,0.5384615384615384,0.48148148148148145,0.4074074074074074
499,2014,PHI,73,0.48,0.4074074074074074,0.41379310344827586,0.4444444444444444,0.5185185185185185,0.4230769230769231
500,2014,CHC,73,0.36,0.4074074074074074,0.5357142857142857,0.38461538461538464,0.5172413793103449,0.48
501,2014,TOR,83,0.46153846153846156,0.7,0.4444444444444444,0.5769230769230769,0.32,0.5384615384615384
502,2014,BOS,71,0.5,0.4642857142857143,0.42857142857142855,0.4,0.42857142857142855,0.4230769230769231
503,2014,DET,90,0.5909090909090909,0.5862068965517241,0.5185185185185185,0.5,0.5161290322580645,0.6153846153846154
504,2014,HOU,70,0.32142857142857145,0.5172413793103449,0.4444444444444444,0.32,0.5172413793103449,0.4583333333333333
505,2014,ARI,64,0.32142857142857145,0.5185185185185185,0.46153846153846156,0.52,0.3333333333333333,0.2692307692307692
506,2014,CHW,73,0.4642857142857143,0.5,0.4230769230769231,0.5384615384615384,0.32142857142857145,0.44
507,2014,TEX,67,0.5555555555555556,0.4642857142857143,0.34615384615384615,0.23076923076923078,0.35714285714285715,0.5384615384615384
508,2014,MIN,70,0.5217391304347826,0.4482758620689655,0.42857142857142855,0.4230769230769231,0.3793103448275862,0.4230769230769231
509,2014,COL,66,0.5714285714285714,0.4444444444444444,0.2857142857142857,0.32,0.35714285714285715,0.48
510,2015,STL,100,0.7142857142857143,0.6206896551724138,0.6923076923076923,0.5555555555555556,0.6785714285714286,0.5357142857142857
511,2015,PIT,98,0.5454545454545454,0.5,0.6538461538461539,0.6538461538461539,0.7037037037037037,0.5666666666666667
512,2015,CHC,97,0.6,0.5,0.5185185185185185,0.5555555555555556,0.6785714285714286,0.6785714285714286
513,2015,NYM,90,0.6521739130434783,0.4642857142857143,0.4444444444444444,0.52,0.7142857142857143,0.5925925925925926
514,2015,LAD,92,0.6190476190476191,0.5714285714285714,0.5,0.5833333333333334,0.5555555555555556,0.5357142857142857
515,2015,HOU,86,0.6818181818181818,0.5517241379310345,0.5172413793103449,0.5,0.5357142857142857,0.4074074074074074
516,2015,WSN,83,0.43478260869565216,0.6666666666666666,0.5555555555555556,0.4583333333333333,0.41379310344827586,0.5
517,2015,CLE,81,0.3333333333333333,0.5714285714285714,0.4230769230769231,0.5,0.5714285714285714,0.5185185185185185
518,2015,SFG,84,0.4090909090909091,0.7,0.46153846153846156,0.5833333333333334,0.4482758620689655,0.5185185185185185
519,2015,KCR,95,0.6818181818181818,0.5384615384615384,0.5769230769230769,0.6071428571428571,0.6785714285714286,0.39285714285714285
520,2015,TBR,80,0.5454545454545454,0.4827586206896552,0.5714285714285714,0.36,0.5185185185185185,0.4444444444444444
521,2015,TOR,93,0.4782608695652174,0.41379310344827586,0.6666666666666666,0.48,0.7777777777777778,0.6666666666666666
522,2015,LAA,85,0.5,0.5517241379310345,0.5185185185185185,0.5833333333333334,0.3448275862068966,0.6666666666666666
523,2015,CHW,76,0.42105263157894735,0.5,0.38461538461538464,0.6153846153846154,0.42857142857142855,0.4482758620689655
524,2015,NYY,87,0.5909090909090909,0.4482758620689655,0.5555555555555556,0.7083333333333334,0.5,0.5
525,2015,MIA,71,0.45454545454545453,0.3448275862068966,0.4444444444444444,0.4,0.3793103448275862,0.6153846153846154
526,2015,ARI,79,0.47619047619047616,0.4642857142857143,0.5,0.5416666666666666,0.43333333333333335,0.5185185185185185
527,2015,BAL,81,0.5,0.4482758620689655,0.6428571428571429,0.44,0.3793103448275862,0.5185185185185185
528,2015,MIN,83,0.45454545454545453,0.7407407407407407,0.39285714285714285,0.48,0.5,0.5357142857142857
529,2015,SDP,74,0.4782608695652174,0.4827586206896552,0.4444444444444444,0.5416666666666666,0.5,0.3333333333333333
530,2015,OAK,68,0.391304347826087,0.36666666666666664,0.5555555555555556,0.4166666666666667,0.4642857142857143,0.2962962962962963
531,2015,SEA,76,0.45454545454545453,0.5185185185185185,0.4074074074074074,0.4444444444444444,0.5,0.5185185185185185
532,2015,TEX,88,0.3333333333333333,0.6333333333333333,0.5185185185185185,0.4166666666666667,0.6428571428571429,0.6428571428571429
533,2015,MIL,68,0.22727272727272727,0.41379310344827586,0.5,0.52,0.4230769230769231,0.4642857142857143
534,2015,BOS,78,0.5454545454545454,0.3448275862068966,0.5,0.4,0.5555555555555556,0.6296296296296297
535,2015,CIN,64,0.5,0.4074074074074074,0.48148148148148145,0.44,0.27586206896551724,0.32142857142857145
536,2015,ATL,67,0.45454545454545453,0.5357142857142857,0.4074074074074074,0.38461538461538464,0.2857142857142857,0.37037037037037035
537,2015,DET,74,0.6521739130434783,0.4482758620689655,0.4583333333333333,0.4074074074074074,0.37037037037037035,0.4642857142857143
538,2015,PHI,63,0.34782608695652173,0.3793103448275862,0.2962962962962963,0.52,0.42857142857142855,0.34615384615384615
539,2015,COL,68,0.5238095238095238,0.4074074074074074,0.41379310344827586,0.375,0.35714285714285715,0.4482758620689655
540,2016,CHC,103,0.7727272727272727,0.6428571428571429,0.5714285714285714,0.46153846153846156,0.7857142857142857,0.6296296296296297
541,2016,WSN,95,0.6956521739130435,0.5333333333333333,0.5925925925925926,0.52,0.6071428571428571,0.5555555555555556
542,2016,NYM,87,0.6818181818181818,0.4827586206896552,0.4444444444444444,0.5,0.5172413793103449,0.6296296296296297
543,2016,SFG,87,0.48,0.7241379310344828,0.6296296296296297,0.4583333333333333,0.4074074074074074,0.4642857142857143
544,2016,LAD,91,0.48,0.5714285714285714,0.5714285714285714,0.625,0.5357142857142857,0.6296296296296297
545,2016,TOR,89,0.44,0.5862068965517241,0.5555555555555556,0.6666666666666666,0.6071428571428571,0.4074074074074074
546,2016,CLE,94,0.47619047619047616,0.5517241379310345,0.7857142857142857,0.5,0.5333333333333333,0.5925925925925926
547,2016,SEA,86,0.5652173913043478,0.6071428571428571,0.35714285714285715,0.5,0.5333333333333333,0.6666666666666666
548,2016,BOS,93,0.5833333333333334,0.6428571428571429,0.38461538461538464,0.6,0.5666666666666667,0.7037037037037037
549,2016,MIA,79,0.5217391304347826,0.5172413793103449,0.5185185185185185,0.6153846153846154,0.35714285714285715,0.46153846153846156
550,2016,HOU,84,0.2608695652173913,0.5862068965517241,0.6923076923076923,0.52,0.5517241379310345,0.4230769230769231
551,2016,STL,86,0.5,0.5517241379310345,0.48,0.5925925925925926,0.5185185185185185,0.5
552,2016,MIL,73,0.34782608695652173,0.5172413793103449,0.46153846153846156,0.48,0.3333333333333333,0.5185185185185185
553,2016,CHW,78,0.68,0.39285714285714285,0.46153846153846156,0.4230769230769231,0.4444444444444444,0.5357142857142857
554,2016,NYY,84,0.38095238095238093,0.5517241379310345,0.5555555555555556,0.5,0.6071428571428571,0.5
555,2016,TBR,68,0.4782608695652174,0.4074074074074074,0.39285714285714285,0.36,0.4827586206896552,0.35714285714285715
556,2016,KCR,81,0.5217391304347826,0.6071428571428571,0.48148148148148145,0.24,0.6896551724137931,0.4444444444444444
557,2016,BAL,89,0.6086956521739131,0.5185185185185185,0.6785714285714286,0.46153846153846156,0.4482758620689655,0.5925925925925926
558,2016,PIT,78,0.625,0.5185185185185185,0.32142857142857145,0.5833333333333334,0.5357142857142857,0.39285714285714285
559,2016,DET,86,0.5652173913043478,0.39285714285714285,0.6071428571428571,0.6153846153846154,0.5357142857142857,0.5384615384615384
560,2016,LAA,74,0.4583333333333333,0.4642857142857143,0.2962962962962963,0.6,0.42857142857142855,0.5185185185185185
561,2016,TEX,95,0.5833333333333334,0.6071428571428571,0.7142857142857143,0.4230769230769231,0.6428571428571429,0.5769230769230769
562,2016,SDP,68,0.375,0.3793103448275862,0.5,0.46153846153846156,0.37037037037037035,0.4642857142857143
563,2016,ATL,68,0.21739130434782608,0.35714285714285715,0.42857142857142855,0.38461538461538464,0.4642857142857143,0.6153846153846154
564,2016,OAK,69,0.52,0.39285714285714285,0.4230769230769231,0.46153846153846156,0.35714285714285715,0.38461538461538464
565,2016,PHI,71,0.5833333333333334,0.42857142857142855,0.32142857142857145,0.48148148148148145,0.46153846153846156,0.37037037037037035
566,2016,CIN,68,0.375,0.2857142857142857,0.42857142857142855,0.5416666666666666,0.4642857142857143,0.42857142857142855
567,2016,COL,75,0.4782608695652174,0.4642857142857143,0.48148148148148145,0.5555555555555556,0.42857142857142855,0.4074074074074074
568,2016,MIN,59,0.2916666666666667,0.2962962962962963,0.37037037037037035,0.5769230769230769,0.3103448275862069,0.2962962962962963
569,2016,ARI,69,0.46153846153846156,0.39285714285714285,0.48148148148148145,0.2916666666666667,0.4642857142857143,0.4074074074074074
570,2017,CLE,102,0.5833333333333334,0.48148148148148145,0.5555555555555556,0.5769230769230769,0.6785714285714286,0.8620689655172413
571,2017,LAD,104,0.5384615384615384,0.6785714285714286,0.75,0.8695652173913043,0.6296296296296297,0.41379310344827586
572,2017,ARI,93,0.5925925925925926,0.6071428571428571,0.6538461538461539,0.4166666666666667,0.5517241379310345,0.5925925925925926
573,2017,BOS,93,0.5416666666666666,0.5714285714285714,0.5714285714285714,0.48148148148148145,0.6666666666666666,0.6296296296296297
574,2017,NYY,91,0.6521739130434783,0.5555555555555556,0.4642857142857143,0.5384615384615384,0.4827586206896552,0.7142857142857143
575,2017,WSN,97,0.68,0.5925925925925926,0.5,0.6666666666666666,0.6206896551724138,0.5714285714285714
576,2017,CHC,92,0.5416666666666666,0.42857142857142855,0.5357142857142857,0.6666666666666666,0.5862068965517241,0.6785714285714286
577,2017,TBR,80,0.46153846153846156,0.5666666666666667,0.5,0.48,0.4642857142857143,0.46153846153846156
578,2017,MIL,86,0.5,0.5555555555555556,0.5172413793103449,0.48,0.5555555555555556,0.5555555555555556
579,2017,STL,83,0.5,0.5,0.4482758620689655,0.5384615384615384,0.5357142857142857,0.5714285714285714
580,2017,HOU,101,0.64,0.7586206896551724,0.5925925925925926,0.625,0.39285714285714285,0.7142857142857143
581,2017,LAA,80,0.5185185185185185,0.4827586206896552,0.5,0.4090909090909091,0.6428571428571429,0.37037037037037035
582,2017,PIT,75,0.4583333333333333,0.43333333333333335,0.5,0.56,0.41379310344827586,0.4074074074074074
583,2017,TOR,76,0.32,0.6428571428571429,0.4230769230769231,0.4444444444444444,0.4642857142857143,0.48148148148148145
584,2017,SEA,78,0.4230769230769231,0.5,0.5555555555555556,0.5384615384615384,0.4444444444444444,0.4444444444444444
585,2017,SFG,64,0.34615384615384615,0.4482758620689655,0.3333333333333333,0.36,0.4482758620689655,0.4
586,2017,COL,87,0.6153846153846154,0.5862068965517241,0.5555555555555556,0.5,0.4444444444444444,0.5357142857142857
587,2017,PHI,66,0.4782608695652174,0.21428571428571427,0.3333333333333333,0.52,0.36666666666666664,0.5357142857142857
588,2017,MIN,85,0.5217391304347826,0.5384615384615384,0.4827586206896552,0.4,0.6666666666666666,0.5
589,2017,KCR,80,0.30434782608695654,0.5172413793103449,0.6538461538461539,0.6153846153846154,0.35714285714285715,0.5172413793103449
590,2017,OAK,75,0.44,0.4444444444444444,0.42857142857142855,0.46153846153846156,0.4074074074074074,0.5714285714285714
591,2017,SDP,71,0.4074074074074074,0.39285714285714285,0.44,0.56,0.42857142857142855,0.42857142857142855
592,2017,TEX,78,0.44,0.5172413793103449,0.5,0.44,0.5714285714285714,0.42857142857142855
593,2017,ATL,72,0.43478260869565216,0.42857142857142855,0.5714285714285714,0.4,0.39285714285714285,0.41379310344827586
594,2017,CHW,67,0.5652173913043478,0.3793103448275862,0.4074074074074074,0.25,0.3793103448275862,0.5172413793103449
595,2017,MIA,77,0.4782608695652174,0.35714285714285715,0.5185185185185185,0.5384615384615384,0.5862068965517241,0.39285714285714285
596,2017,BAL,75,0.6521739130434783,0.42857142857142855,0.42857142857142855,0.46153846153846156,0.5862068965517241,0.25925925925925924
597,2017,NYM,70,0.4166666666666667,0.48148148148148145,0.5,0.4583333333333333,0.3333333333333333,0.42857142857142855
598,2017,CIN,68,0.4583333333333333,0.4642857142857143,0.37037037037037035,0.3076923076923077,0.5172413793103449,0.37037037037037035
599,2017,DET,64,0.5,0.4482758620689655,0.4,0.46153846153846156,0.39285714285714285,0.20689655172413793
600,2018,HOU,103,0.6666666666666666,0.5714285714285714,0.7037037037037037,0.5416666666666666,0.5384615384615384,0.7777777777777778
601,2018,LAD,92,0.44,0.5,0.6538461538461539,0.6153846153846154,0.5185185185185185,0.6666666666666666
602,2018,CHC,95,0.6086956521739131,0.5185185185185185,0.5714285714285714,0.6,0.6428571428571429,0.5714285714285714
603,2018,ARI,82,0.72,0.2962962962962963,0.6785714285714286,0.5,0.5384615384615384,0.2962962962962963
604,2018,MIL,96,0.5185185185185185,0.7037037037037037,0.48,0.5357142857142857,0.5,0.7307692307692307
605,2018,TBR,90,0.5,0.5357142857142857,0.48148148148148145,0.52,0.6296296296296297,0.6785714285714286
606,2018,ATL,90,0.5833333333333334,0.5862068965517241,0.56,0.43478260869565216,0.5666666666666667,0.5714285714285714
607,2018,BOS,108,0.76,0.6206896551724138,0.6296296296296297,0.76,0.6666666666666666,0.5769230769230769
608,2018,CLE,91,0.56,0.5357142857142857,0.5384615384615384,0.56,0.6785714285714286,0.5
609,2018,NYY,100,0.64,0.68,0.6666666666666666,0.6,0.5666666666666667,0.5555555555555556
610,2018,OAK,97,0.52,0.5172413793103449,0.6296296296296297,0.68,0.6666666666666666,0.6153846153846154
611,2018,STL,88,0.6,0.5555555555555556,0.4444444444444444,0.46153846153846156,0.7857142857142857,0.4444444444444444
612,2018,SFG,73,0.5,0.4074074074074074,0.6428571428571429,0.44,0.48148148148148145,0.19230769230769232
613,2018,PIT,82,0.5714285714285714,0.4444444444444444,0.38461538461538464,0.6538461538461539,0.37037037037037035,0.6153846153846154
614,2018,WSN,82,0.4074074074074074,0.7407407407407407,0.36,0.44,0.4827586206896552,0.5555555555555556
615,2018,NYM,77,0.625,0.35714285714285715,0.19230769230769232,0.5,0.5,0.6428571428571429
616,2018,SEA,89,0.6,0.6206896551724138,0.6785714285714286,0.43478260869565216,0.42857142857142855,0.5185185185185185
617,2018,PHI,80,0.6,0.5769230769230769,0.48148148148148145,0.5769230769230769,0.48148148148148145,0.2857142857142857
618,2018,LAA,80,0.56,0.4827586206896552,0.48148148148148145,0.4583333333333333,0.4444444444444444,0.5185185185185185
619,2018,COL,91,0.5185185185185185,0.5769230769230769,0.4074074074074074,0.7391304347826086,0.5,0.6785714285714286
620,2018,SDP,66,0.37037037037037035,0.5357142857142857,0.4444444444444444,0.2,0.4444444444444444,0.48
621,2018,MIN,78,0.36363636363636365,0.4642857142857143,0.48148148148148145,0.5185185185185185,0.5,0.5357142857142857
622,2018,DET,64,0.4230769230769231,0.5172413793103449,0.35714285714285715,0.4166666666666667,0.2962962962962963,0.37037037037037035
623,2018,CIN,67,0.25925925925925924,0.4642857142857143,0.5769230769230769,0.5416666666666666,0.32142857142857145,0.37037037037037035
624,2018,MIA,63,0.36,0.35714285714285715,0.5,0.48,0.2692307692307692,0.38461538461538464
625,2018,CHW,62,0.25,0.2962962962962963,0.41379310344827586,0.375,0.5862068965517241,0.2962962962962963
626,2018,TOR,73,0.6,0.32142857142857145,0.5384615384615384,0.375,0.4642857142857143,0.42857142857142855
627,2018,TEX,67,0.37037037037037035,0.4482758620689655,0.56,0.32,0.46153846153846156,0.3333333333333333
628,2018,KCR,58,0.2692307692307692,0.4642857142857143,0.19230769230769232,0.3333333333333333,0.35714285714285715,0.5357142857142857
629,2018,BAL,47,0.2692307692307692,0.32142857142857145,0.23076923076923078,0.36,0.2857142857142857,0.25925925925925924
630,2019,LAD,106,0.6071428571428571,0.7307692307692307,0.6428571428571429,0.5833333333333334,0.6071428571428571,0.75
631,2019,HOU,107,0.6538461538461539,0.7142857142857143,0.5555555555555556,0.6666666666666666,0.6785714285714286,0.76
632,2019,TBR,96,0.6666666666666666,0.5925925925925926,0.4482758620689655,0.5384615384615384,0.6296296296296297,0.68
633,2019,CLE,93,0.6,0.41379310344827586,0.6538461538461539,0.75,0.5517241379310345,0.5384615384615384
634,2019,STL,91,0.72,0.3333333333333333,0.5,0.64,0.6666666666666666,0.5714285714285714
635,2019,OAK,97,0.4230769230769231,0.6153846153846154,0.6071428571428571,0.625,0.6538461538461539,0.6923076923076923
636,2019,CHC,84,0.5833333333333334,0.5714285714285714,0.4827586206896552,0.5217391304347826,0.5714285714285714,0.4074074074074074
637,2019,CIN,75,0.4074074074074074,0.5357142857142857,0.4583333333333333,0.48,0.4482758620689655,0.4444444444444444
638,2019,MIN,101,0.625,0.7241379310344828,0.5555555555555556,0.5416666666666666,0.6071428571428571,0.6666666666666666
639,2019,ATL,97,0.5384615384615384,0.5714285714285714,0.7142857142857143,0.5833333333333334,0.6785714285714286,0.56
640,2019,ARI,85,0.6153846153846154,0.39285714285714285,0.5357142857142857,0.4782608695652174,0.5925925925925926,0.5769230769230769
641,2019,NYM,86,0.5,0.4642857142857143,0.35714285714285715,0.6363636363636364,0.6071428571428571,0.6296296296296297
642,2019,WSN,93,0.44,0.41379310344827586,0.6923076923076923,0.6,0.7307692307692307,0.6071428571428571
643,2019,NYY,103,0.6153846153846154,0.7407407407407407,0.6538461538461539,0.56,0.7,0.56
644,2019,SFG,77,0.4230769230769231,0.38461538461538464,0.5185185185185185,0.76,0.4074074074074074,0.4074074074074074
645,2019,MIL,89,0.5185185185185185,0.5555555555555556,0.5,0.48,0.46153846153846156,0.7407407407407407
646,2019,PHI,81,0.5,0.6071428571428571,0.4074074074074074,0.5217391304347826,0.48148148148148145,0.42857142857142855
647,2019,SDP,70,0.5384615384615384,0.48148148148148145,0.46153846153846156,0.3333333333333333,0.4642857142857143,0.25925925925925924
648,2019,BOS,84,0.46153846153846156,0.5925925925925926,0.5555555555555556,0.6,0.5185185185185185,0.4230769230769231
649,2019,MIA,57,0.24,0.4230769230769231,0.48148148148148145,0.375,0.2413793103448276,0.3333333333333333
650,2019,TOR,67,0.48,0.25,0.37037037037037035,0.46153846153846156,0.4444444444444444,0.48
651,2019,CHW,72,0.4782608695652174,0.5161290322580645,0.4583333333333333,0.2916666666666667,0.4666666666666667,0.46153846153846156
652,2019,SEA,68,0.5,0.25,0.42857142857142855,0.43478260869565216,0.38461538461538464,0.44
653,2019,TEX,78,0.48,0.5185185185185185,0.6206896551724138,0.3333333333333333,0.4482758620689655,0.44
654,2019,LAA,72,0.46153846153846156,0.5185185185185185,0.5357142857142857,0.56,0.3333333333333333,0.28
655,2019,PIT,69,0.48,0.5172413793103449,0.4230769230769231,0.3076923076923077,0.42857142857142855,0.38461538461538464
656,2019,KCR,59,0.2692307692307692,0.35714285714285715,0.37037037037037035,0.4230769230769231,0.2962962962962963,0.44
657,2019,DET,47,0.4782608695652174,0.32142857142857145,0.2,0.2,0.27586206896551724,0.25925925925925924
658,2019,COL,71,0.4230769230769231,0.6153846153846154,0.5357142857142857,0.24,0.32142857142857145,0.48
659,2019,BAL,54,0.2962962962962963,0.2962962962962963,0.23076923076923078,0.5,0.32142857142857145,0.3333333333333333
660,2021,LAD,106,0.5925925925925926,0.5925925925925926,0.6538461538461539,0.5384615384615384,0.7777777777777778,0.7307692307692307
661,2021,SFG,107,0.6153846153846154,0.6428571428571429,0.64,0.6,0.6785714285714286,0.7777777777777778
662,2021,MIL,95,0.6153846153846154,0.4642857142857143,0.7037037037037037,0.5833333333333334,0.6785714285714286,0.5384615384615384
663,2021,TBR,100,0.48148148148148145,0.7857142857142857,0.46153846153846156,0.6666666666666666,0.7777777777777778,0.5185185185185185
664,2021,CHW,93,0.56,0.6551724137931034,0.56,0.5384615384615384,0.5714285714285714,0.5384615384615384
665,2021,NYY,92,0.46153846153846156,0.6071428571428571,0.46153846153846156,0.6086956521739131,0.7241379310344828,0.5555555555555556
666,2021,HOU,95,0.5384615384615384,0.5555555555555556,0.6785714285714286,0.6666666666666666,0.5185185185185185,0.5555555555555556
667,2021,ATL,88,0.46153846153846156,0.52,0.4642857142857143,0.5185185185185185,0.6923076923076923,0.6153846153846154
668,2021,NYM,77,0.47619047619047616,0.6538461538461539,0.5,0.5185185185185185,0.32142857142857145,0.4074074074074074
669,2021,TOR,91,0.5,0.5357142857142857,0.5384615384615384,0.5217391304347826,0.5333333333333333,0.6785714285714286
670,2021,MIA,67,0.4230769230769231,0.48148148148148145,0.37037037037037035,0.4,0.39285714285714285,0.38461538461538464
671,2021,STL,90,0.5384615384615384,0.5714285714285714,0.37037037037037035,0.5217391304347826,0.5769230769230769,0.7586206896551724
672,2021,OAK,86,0.5925925925925926,0.5172413793103449,0.6538461538461539,0.4583333333333333,0.5384615384615384,0.4444444444444444
673,2021,SDP,79,0.5555555555555556,0.6785714285714286,0.5555555555555556,0.46153846153846156,0.4230769230769231,0.24
674,2021,BOS,92,0.6296296296296297,0.5769230769230769,0.6428571428571429,0.52,0.42857142857142855,0.56
675,2021,SEA,90,0.5555555555555556,0.4642857142857143,0.5384615384615384,0.5833333333333334,0.5357142857142857,0.6923076923076923
676,2021,DET,77,0.2962962962962963,0.5185185185185185,0.5185185185185185,0.5384615384615384,0.46153846153846156,0.5384615384615384
677,2021,CLE,80,0.5,0.5862068965517241,0.5416666666666666,0.375,0.5,0.43333333333333335
678,2021,PHI,82,0.5,0.42857142857142855,0.5,0.5384615384615384,0.6071428571428571,0.48148148148148145
679,2021,CIN,83,0.48,0.4444444444444444,0.5555555555555556,0.6153846153846154,0.5714285714285714,0.4230769230769231
680,2021,KCR,74,0.625,0.39285714285714285,0.25925925925925924,0.5,0.5,0.5
681,2021,LAA,77,0.5,0.4,0.5769230769230769,0.5416666666666666,0.4827586206896552,0.34615384615384615
682,2021,TEX,60,0.4074074074074074,0.39285714285714285,0.36,0.25,0.35714285714285715,0.4444444444444444
683,2021,WSN,65,0.45454545454545453,0.39285714285714285,0.6785714285714286,0.3076923076923077,0.25925925925925924,0.35714285714285715
684,2021,COL,74,0.34615384615384615,0.39285714285714285,0.5185185185185185,0.5,0.5185185185185185,0.5
685,2021,MIN,73,0.375,0.4482758620689655,0.44,0.4074074074074074,0.5185185185185185,0.48148148148148145
686,2021,CHC,71,0.4230769230769231,0.7037037037037037,0.42857142857142855,0.36,0.25925925925925924,0.4230769230769231
687,2021,PIT,61,0.48,0.2857142857142857,0.34615384615384615,0.44,0.2857142857142857,0.4074074074074074
688,2021,ARI,52,0.5384615384615384,0.1724137931034483,0.1111111111111111,0.4782608695652174,0.3793103448275862,0.24
689,2021,BAL,52,0.46153846153846156,0.17857142857142858,0.37037037037037035,0.45454545454545453,0.14285714285714285,0.39285714285714285
690,2022,LAD,111,0.65,0.6896551724137931,0.5384615384615384,0.8076923076923077,0.7857142857142857,0.6785714285714286
691,2022,HOU,106,0.5238095238095238,0.7241379310344828,0.64,0.6785714285714286,0.6071428571428571,0.6923076923076923
692,2022,NYY,99,0.7142857142857143,0.6785714285714286,0.7857142857142857,0.5,0.35714285714285715,0.68
693,2022,TBR,86,0.5714285714285714,0.5714285714285714,0.46153846153846156,0.5185185185185185,0.6666666666666666,0.5
694,2022,ATL,101,0.45454545454545453,0.4642857142857143,0.7777777777777778,0.6923076923076923,0.6428571428571429,0.6923076923076923
695,2022,CLE,92,0.42857142857142855,0.5,0.6428571428571429,0.4642857142857143,0.5925925925925926,0.7241379310344828
696,2022,NYM,101,0.6818181818181818,0.6551724137931034,0.52,0.68,0.6333333333333333,0.5769230769230769
697,2022,SEA,90,0.5238095238095238,0.35714285714285715,0.5517241379310345,0.72,0.6296296296296297,0.5384615384615384
698,2022,LAA,73,0.6363636363636364,0.4642857142857143,0.35714285714285715,0.25,0.4827586206896552,0.5384615384615384
699,2022,STL,93,0.55,0.5862068965517241,0.5172413793103449,0.4583333333333333,0.7586206896551724,0.5769230769230769
700,2022,SDP,89,0.6363636363636364,0.5925925925925926,0.5517241379310345,0.44,0.5517241379310345,0.52
701,2022,MIL,86,0.6818181818181818,0.5862068965517241,0.4444444444444444,0.5416666666666666,0.4444444444444444,0.5357142857142857
702,2022,SFG,81,0.6666666666666666,0.48148148148148145,0.5,0.39285714285714285,0.37037037037037035,0.6428571428571429
703,2022,MIA,69,0.6,0.2692307692307692,0.5357142857142857,0.4642857142857143,0.2857142857142857,0.37037037037037035
704,2022,TOR,92,0.6363636363636364,0.5384615384615384,0.5357142857142857,0.5384615384615384,0.48148148148148145,0.6428571428571429
705,2022,CHW,81,0.4,0.5555555555555556,0.4444444444444444,0.5925925925925926,0.4482758620689655,0.5185185185185185
706,2022,BAL,83,0.3333333333333333,0.4666666666666667,0.5384615384615384,0.64,0.6296296296296297,0.4642857142857143
707,2022,PHI,87,0.5,0.35714285714285715,0.7037037037037037,0.6,0.6206896551724138,0.44
708,2022,MIN,78,0.5714285714285714,0.6,0.4642857142857143,0.45454545454545453,0.5,0.35714285714285715
709,2022,CHC,74,0.38095238095238093,0.42857142857142855,0.37037037037037035,0.44,0.5,0.5769230769230769
710,2022,DET,66,0.35,0.41379310344827586,0.4,0.41379310344827586,0.3333333333333333,0.5
711,2022,TEX,68,0.3333333333333333,0.6296296296296297,0.46153846153846156,0.37037037037037035,0.42857142857142855,0.2962962962962963
712,2022,ARI,74,0.45454545454545453,0.5172413793103449,0.36,0.44,0.5714285714285714,0.39285714285714285
713,2022,BOS,78,0.4090909090909091,0.5,0.7692307692307693,0.2962962962962963,0.42857142857142855,0.46153846153846156
714,2022,OAK,60,0.47619047619047616,0.3225806451612903,0.19230769230769232,0.5384615384615384,0.37037037037037035,0.2692307692307692
715,2022,PIT,62,0.42857142857142855,0.4444444444444444,0.35714285714285715,0.34615384615384615,0.32142857142857145,0.37037037037037035
716,2022,KCR,65,0.3684210526315789,0.3103448275862069,0.4230769230769231,0.4642857142857143,0.4482758620689655,0.38461538461538464
717,2022,CIN,62,0.14285714285714285,0.5185185185185185,0.3333333333333333,0.5384615384615384,0.39285714285714285,0.32142857142857145
718,2022,WSN,55,0.30434782608695654,0.39285714285714285,0.4074074074074074,0.24,0.3333333333333333,0.38461538461538464
719,2022,COL,68,0.5714285714285714,0.37037037037037035,0.39285714285714285,0.48148148148148145,0.35714285714285715,0.34615384615384615
